account_id,account_name,owner,prior_spend_usd,current_spend_usd,prior_plan_usd,current_plan_usd,change_usd,route,missing_dates,next_check
account-00010,Fictional Account 00010,owner-11,13509.26,13713.07,16636.76,16636.76,203.81,no_decline_signal,,No action from this decline rule; other questions require separate evidence.
account-00011,Fictional Account 00011,owner-12,1026547.29,1046158.87,1300009.97,1300009.97,19611.58,no_decline_signal,,No action from this decline rule; other questions require separate evidence.
account-00012,Fictional Account 00012,owner-13,47042.38,46985.81,58928.45,58928.45,-56.57,no_decline_signal,,No action from this decline rule; other questions require separate evidence.
account-00013,Fictional Account 00013,owner-14,459731.67,458427.66,564860.24,564860.24,-1304.01,no_decline_signal,,No action from this decline rule; other questions require separate evidence.
account-00014,Fictional Account 00014,owner-15,732896.48,746876.95,915636.61,915636.61,13980.47,no_decline_signal,,No action from this decline rule; other questions require separate evidence.
account-00015,Fictional Account 00015,owner-16,1403011.31,1427107.59,1785287.21,1785287.21,24096.28,no_decline_signal,,No action from this decline rule; other questions require separate evidence.
account-00016,Fictional Account 00016,owner-17,2454461.87,2481302.72,3074049.79,3074049.79,26840.85,no_decline_signal,,No action from this decline rule; other questions require separate evidence.
account-00017,Fictional Account 00017,owner-18,38591.34,38586.44,47719.07,47719.07,-4.90,no_decline_signal,,No action from this decline rule; other questions require separate evidence.
account-00018,Fictional Account 00018,owner-19,700630.61,707808.27,884570.82,884570.82,7177.66,no_decline_signal,,No action from this decline rule; other questions require separate evidence.
account-00019,Fictional Account 00019,owner-20,687060.15,694226.21,867262.41,867262.41,7166.06,no_decline_signal,,No action from this decline rule; other questions require separate evidence.
account-00020,Fictional Account 00020,owner-21,133749.52,130446.84,166466.37,166466.37,-3302.68,no_decline_signal,,No action from this decline rule; other questions require separate evidence.
account-00021,Fictional Account 00021,owner-22,28370.32,28286.48,35792.75,35792.75,-83.84,no_decline_signal,,No action from this decline rule; other questions require separate evidence.
account-00022,Fictional Account 00022,owner-23,18765.53,18497.04,23421.79,23421.79,-268.49,no_decline_signal,,No action from this decline rule; other questions require separate evidence.
account-00023,Fictional Account 00023,owner-24,18206.94,18585.97,23128.42,23128.42,379.03,no_decline_signal,,No action from this decline rule; other questions require separate evidence.
account-00024,Fictional Account 00024,owner-25,133531.88,134796.40,166134.01,166134.01,1264.52,no_decline_signal,,No action from this decline rule; other questions require separate evidence.
account-00025,Fictional Account 00025,owner-26,50158.32,50134.63,62833.47,62833.47,-23.69,no_decline_signal,,No action from this decline rule; other questions require separate evidence.
account-00026,Fictional Account 00026,owner-27,204379.93,201240.85,254088.31,254088.31,-3139.08,no_decline_signal,,No action from this decline rule; other questions require separate evidence.
account-00027,Fictional Account 00027,owner-28,3364.60,3328.09,4216.10,4216.10,-36.51,no_decline_signal,,No action from this decline rule; other questions require separate evidence.
account-00028,Fictional Account 00028,owner-29,19381.59,18854.65,23742.67,23742.67,-526.94,no_decline_signal,,No action from this decline rule; other questions require separate evidence.
account-00029,Fictional Account 00029,owner-30,121672.34,124649.16,152589.64,152589.64,2976.82,no_decline_signal,,No action from this decline rule; other questions require separate evidence.
account-00030,Fictional Account 00030,owner-31,39338.92,39435.75,50126.79,50126.79,96.83,no_decline_signal,,No action from this decline rule; other questions require separate evidence.
account-00031,Fictional Account 00031,owner-32,314107.32,314674.65,393979.32,393979.32,567.33,no_decline_signal,,No action from this decline rule; other questions require separate evidence.
account-00032,Fictional Account 00032,owner-33,147330.30,146994.72,185846.15,185846.15,-335.58,no_decline_signal,,No action from this decline rule; other questions require separate evidence.
account-00033,Fictional Account 00033,owner-34,546444.71,546877.43,688395.89,688395.89,432.72,no_decline_signal,,No action from this decline rule; other questions require separate evidence.
account-00034,Fictional Account 00034,owner-35,34234.64,34397.12,42947.94,42947.94,162.48,no_decline_signal,,No action from this decline rule; other questions require separate evidence.
account-00035,Fictional Account 00035,owner-36,94381.65,95234.16,118781.39,118781.39,852.51,no_decline_signal,,No action from this decline rule; other questions require separate evidence.
account-00036,Fictional Account 00036,owner-37,653920.95,655848.58,807025.17,807025.17,1927.63,no_decline_signal,,No action from this decline rule; other questions require separate evidence.
account-00037,Fictional Account 00037,owner-38,55824.14,55732.92,68819.66,68819.66,-91.22,no_decline_signal,,No action from this decline rule; other questions require separate evidence.
account-00038,Fictional Account 00038,owner-39,5101.79,5223.08,6468.00,6468.00,121.29,no_decline_signal,,No action from this decline rule; other questions require separate evidence.
account-00039,Fictional Account 00039,owner-40,280216.36,277142.36,352060.94,352060.94,-3074.00,no_decline_signal,,No action from this decline rule; other questions require separate evidence.
account-00040,Fictional Account 00040,owner-41,12360.49,12424.29,15592.29,15592.29,63.80,no_decline_signal,,No action from this decline rule; other questions require separate evidence.
account-00041,Fictional Account 00041,owner-42,209595.07,211267.57,263208.40,263208.40,1672.50,no_decline_signal,,No action from this decline rule; other questions require separate evidence.
account-00042,Fictional Account 00042,owner-43,14583.85,14429.13,18027.17,18027.17,-154.72,no_decline_signal,,No action from this decline rule; other questions require separate evidence.
account-00043,Fictional Account 00043,owner-44,13146.78,12972.74,16356.62,16356.62,-174.04,no_decline_signal,,No action from this decline rule; other questions require separate evidence.
account-00044,Fictional Account 00044,owner-45,5897.09,5869.16,7276.50,7276.50,-27.93,no_decline_signal,,No action from this decline rule; other questions require separate evidence.
account-00045,Fictional Account 00045,owner-46,283638.66,284322.97,356416.97,356416.97,684.31,no_decline_signal,,No action from this decline rule; other questions require separate evidence.
account-00046,Fictional Account 00046,owner-47,76917.84,76782.82,96055.40,96055.40,-135.02,no_decline_signal,,No action from this decline rule; other questions require separate evidence.
account-00047,Fictional Account 00047,owner-48,18342.26,18107.78,22795.29,22795.29,-234.48,no_decline_signal,,No action from this decline rule; other questions require separate evidence.
account-00048,Fictional Account 00048,owner-49,106425.03,104594.19,133498.54,133498.54,-1830.84,no_decline_signal,,No action from this decline rule; other questions require separate evidence.
account-00049,Fictional Account 00049,owner-50,332907.72,338307.62,415558.85,415558.85,5399.90,no_decline_signal,,No action from this decline rule; other questions require separate evidence.
account-00050,Fictional Account 00050,owner-1,351739.88,348779.35,441307.72,441307.72,-2960.53,no_decline_signal,,No action from this decline rule; other questions require separate evidence.
account-00051,Fictional Account 00051,owner-2,45658.20,45379.05,56673.61,56673.61,-279.15,no_decline_signal,,No action from this decline rule; other questions require separate evidence.
account-00052,Fictional Account 00052,owner-3,9489.62,9513.99,12046.02,12046.02,24.37,no_decline_signal,,No action from this decline rule; other questions require separate evidence.
account-00053,Fictional Account 00053,owner-4,169170.15,169590.50,210171.64,210171.64,420.35,no_decline_signal,,No action from this decline rule; other questions require separate evidence.
account-00054,Fictional Account 00054,owner-5,67065.14,65688.48,83246.31,83246.31,-1376.66,no_decline_signal,,No action from this decline rule; other questions require separate evidence.
account-00055,Fictional Account 00055,owner-6,59063.37,60733.57,74600.82,74600.82,1670.20,no_decline_signal,,No action from this decline rule; other questions require separate evidence.
account-00056,Fictional Account 00056,owner-7,114130.85,111653.10,139422.99,139422.99,-2477.75,no_decline_signal,,No action from this decline rule; other questions require separate evidence.
account-00057,Fictional Account 00057,owner-8,25228.56,25325.70,31367.70,31367.70,97.14,no_decline_signal,,No action from this decline rule; other questions require separate evidence.
account-00058,Fictional Account 00058,owner-9,54821.23,55916.04,68917.45,68917.45,1094.81,no_decline_signal,,No action from this decline rule; other questions require separate evidence.
account-00059,Fictional Account 00059,owner-10,22264.41,21643.05,27253.17,27253.17,-621.36,no_decline_signal,,No action from this decline rule; other questions require separate evidence.
account-00060,Fictional Account 00060,owner-11,27858.78,27682.74,34849.36,34849.36,-176.04,no_decline_signal,,No action from this decline rule; other questions require separate evidence.
account-00061,Fictional Account 00061,owner-12,30973.50,31186.22,39348.75,39348.75,212.72,no_decline_signal,,No action from this decline rule; other questions require separate evidence.
account-00062,Fictional Account 00062,owner-13,3779.40,3884.14,4809.00,4809.00,104.74,no_decline_signal,,No action from this decline rule; other questions require separate evidence.
account-00063,Fictional Account 00063,owner-14,10086.37,9965.87,12508.30,12508.30,-120.50,no_decline_signal,,No action from this decline rule; other questions require separate evidence.
account-00064,Fictional Account 00064,owner-15,32894.81,32761.95,41083.35,41083.35,-132.86,no_decline_signal,,No action from this decline rule; other questions require separate evidence.
account-00065,Fictional Account 00065,owner-16,1053234.10,1046406.27,1307298.16,1307298.16,-6827.83,no_decline_signal,,No action from this decline rule; other questions require separate evidence.
account-00066,Fictional Account 00066,owner-17,55215.26,55757.58,69170.29,69170.29,542.32,no_decline_signal,,No action from this decline rule; other questions require separate evidence.
account-00067,Fictional Account 00067,owner-18,206220.48,205673.03,254798.11,254798.11,-547.45,no_decline_signal,,No action from this decline rule; other questions require separate evidence.
account-00068,Fictional Account 00068,owner-19,12574.09,12113.52,15487.71,15487.71,-460.57,no_decline_signal,,No action from this decline rule; other questions require separate evidence.
account-00069,Fictional Account 00069,owner-20,52956.34,52760.86,66294.90,66294.90,-195.48,no_decline_signal,,No action from this decline rule; other questions require separate evidence.
account-00070,Fictional Account 00070,owner-21,460979.33,461831.85,582767.85,582767.85,852.52,no_decline_signal,,No action from this decline rule; other questions require separate evidence.
account-00071,Fictional Account 00071,owner-22,52150.66,51562.73,65615.76,65615.76,-587.93,no_decline_signal,,No action from this decline rule; other questions require separate evidence.
account-00072,Fictional Account 00072,owner-23,266985.34,264519.73,330890.77,330890.77,-2465.61,no_decline_signal,,No action from this decline rule; other questions require separate evidence.
account-00073,Fictional Account 00073,owner-24,18017.26,17895.95,22585.50,22585.50,-121.31,no_decline_signal,,No action from this decline rule; other questions require separate evidence.
account-00074,Fictional Account 00074,owner-25,58187.18,57769.21,72562.91,72562.91,-417.97,no_decline_signal,,No action from this decline rule; other questions require separate evidence.
account-00075,Fictional Account 00075,owner-26,27220.54,26572.24,33368.79,33368.79,-648.30,no_decline_signal,,No action from this decline rule; other questions require separate evidence.
account-00076,Fictional Account 00076,owner-27,88609.91,89597.06,109891.11,109891.11,987.15,no_decline_signal,,No action from this decline rule; other questions require separate evidence.
account-00077,Fictional Account 00077,owner-28,226941.18,227513.40,281289.54,281289.54,572.22,no_decline_signal,,No action from this decline rule; other questions require separate evidence.
account-00078,Fictional Account 00078,owner-29,73386.94,71953.62,91477.54,91477.54,-1433.32,no_decline_signal,,No action from this decline rule; other questions require separate evidence.
account-00079,Fictional Account 00079,owner-30,58318.76,59027.74,73154.55,73154.55,708.98,no_decline_signal,,No action from this decline rule; other questions require separate evidence.
account-00080,Fictional Account 00080,owner-31,4603.46,4673.89,5841.22,5841.22,70.43,no_decline_signal,,No action from this decline rule; other questions require separate evidence.
account-00081,Fictional Account 00081,owner-32,62657.77,63075.55,78447.74,78447.74,417.78,no_decline_signal,,No action from this decline rule; other questions require separate evidence.
account-00082,Fictional Account 00082,owner-33,126267.19,127602.42,159607.91,159607.91,1335.23,no_decline_signal,,No action from this decline rule; other questions require separate evidence.
account-00083,Fictional Account 00083,owner-34,21835.14,21329.75,27113.10,27113.10,-505.39,no_decline_signal,,No action from this decline rule; other questions require separate evidence.
account-00084,Fictional Account 00084,owner-35,116387.59,117309.75,147513.87,147513.87,922.16,no_decline_signal,,No action from this decline rule; other questions require separate evidence.
account-00085,Fictional Account 00085,owner-36,5046.06,4931.06,6188.07,6188.07,-115.00,no_decline_signal,,No action from this decline rule; other questions require separate evidence.
account-00086,Fictional Account 00086,owner-37,80561.27,82417.83,100775.01,100775.01,1856.56,no_decline_signal,,No action from this decline rule; other questions require separate evidence.
account-00087,Fictional Account 00087,owner-38,20733.65,20408.70,25431.35,25431.35,-324.95,no_decline_signal,,No action from this decline rule; other questions require separate evidence.
account-00088,Fictional Account 00088,owner-39,165005.69,163130.43,203578.62,203578.62,-1875.26,no_decline_signal,,No action from this decline rule; other questions require separate evidence.
account-00089,Fictional Account 00089,owner-40,35500.54,35127.20,44206.47,44206.47,-373.34,no_decline_signal,,No action from this decline rule; other questions require separate evidence.
account-00090,Fictional Account 00090,owner-41,287028.47,298008.94,363385.05,363385.05,10980.47,no_decline_signal,,No action from this decline rule; other questions require separate evidence.
account-00091,Fictional Account 00091,owner-42,143782.35,144876.44,181656.09,181656.09,1094.09,no_decline_signal,,No action from this decline rule; other questions require separate evidence.
account-00092,Fictional Account 00092,owner-43,46493.94,46547.81,58196.39,58196.39,53.87,no_decline_signal,,No action from this decline rule; other questions require separate evidence.
account-00093,Fictional Account 00093,owner-44,188517.52,188716.55,235327.54,235327.54,199.03,no_decline_signal,,No action from this decline rule; other questions require separate evidence.
account-00094,Fictional Account 00094,owner-45,5309.60,5212.89,6563.97,6563.97,-96.71,no_decline_signal,,No action from this decline rule; other questions require separate evidence.
account-00095,Fictional Account 00095,owner-46,25322.83,24853.66,31505.95,31505.95,-469.17,no_decline_signal,,No action from this decline rule; other questions require separate evidence.
account-00096,Fictional Account 00096,owner-47,145041.98,143377.69,180231.45,180231.45,-1664.29,no_decline_signal,,No action from this decline rule; other questions require separate evidence.
account-00097,Fictional Account 00097,owner-48,11382.77,11308.52,14249.90,14249.90,-74.25,no_decline_signal,,No action from this decline rule; other questions require separate evidence.
account-00098,Fictional Account 00098,owner-49,10200.44,10162.05,12585.51,12585.51,-38.39,no_decline_signal,,No action from this decline rule; other questions require separate evidence.
account-00099,Fictional Account 00099,owner-50,18836.34,19066.22,23747.64,23747.64,229.88,no_decline_signal,,No action from this decline rule; other questions require separate evidence.
account-00100,Fictional Account 00100,owner-1,50489.00,51046.52,64358.00,64358.00,557.52,no_decline_signal,,No action from this decline rule; other questions require separate evidence.
account-00101,Fictional Account 00101,owner-2,1388290.97,1390157.21,1737175.37,1737175.37,1866.24,no_decline_signal,,No action from this decline rule; other questions require separate evidence.
account-00102,Fictional Account 00102,owner-3,243807.67,244545.14,307283.69,307283.69,737.47,no_decline_signal,,No action from this decline rule; other questions require separate evidence.
account-00103,Fictional Account 00103,owner-4,7914.36,8026.75,9971.50,9971.50,112.39,no_decline_signal,,No action from this decline rule; other questions require separate evidence.
account-00104,Fictional Account 00104,owner-5,17813.87,17165.95,21772.52,21772.52,-647.92,no_decline_signal,,No action from this decline rule; other questions require separate evidence.
account-00105,Fictional Account 00105,owner-6,153961.69,156540.46,193683.42,193683.42,2578.77,no_decline_signal,,No action from this decline rule; other questions require separate evidence.
account-00106,Fictional Account 00106,owner-7,120268.47,123348.56,153303.15,153303.15,3080.09,no_decline_signal,,No action from this decline rule; other questions require separate evidence.
account-00107,Fictional Account 00107,owner-8,56945.95,56535.98,70199.64,70199.64,-409.97,no_decline_signal,,No action from this decline rule; other questions require separate evidence.
account-00108,Fictional Account 00108,owner-9,59136.22,58053.34,73054.10,73054.10,-1082.88,no_decline_signal,,No action from this decline rule; other questions require separate evidence.
account-00109,Fictional Account 00109,owner-10,123476.40,123631.93,154648.20,154648.20,155.53,no_decline_signal,,No action from this decline rule; other questions require separate evidence.
account-00110,Fictional Account 00110,owner-11,302330.46,303770.09,382879.56,382879.56,1439.63,no_decline_signal,,No action from this decline rule; other questions require separate evidence.
account-00111,Fictional Account 00111,owner-12,62674.83,64061.43,79454.76,79454.76,1386.60,no_decline_signal,,No action from this decline rule; other questions require separate evidence.
account-00112,Fictional Account 00112,owner-13,752262.43,762914.84,944361.81,944361.81,10652.41,no_decline_signal,,No action from this decline rule; other questions require separate evidence.
account-00113,Fictional Account 00113,owner-14,611689.34,608612.87,754033.70,754033.70,-3076.47,no_decline_signal,,No action from this decline rule; other questions require separate evidence.
account-00114,Fictional Account 00114,owner-15,27377.85,27316.52,33962.74,33962.74,-61.33,no_decline_signal,,No action from this decline rule; other questions require separate evidence.
account-00115,Fictional Account 00115,owner-16,277934.33,279967.89,351652.84,351652.84,2033.56,no_decline_signal,,No action from this decline rule; other questions require separate evidence.
account-00116,Fictional Account 00116,owner-17,37546.19,37103.31,46745.09,46745.09,-442.88,no_decline_signal,,No action from this decline rule; other questions require separate evidence.
account-00117,Fictional Account 00117,owner-18,40237.80,41144.72,50804.60,50804.60,906.92,no_decline_signal,,No action from this decline rule; other questions require separate evidence.
account-00118,Fictional Account 00118,owner-19,224717.61,228272.29,285352.62,285352.62,3554.68,no_decline_signal,,No action from this decline rule; other questions require separate evidence.
account-00119,Fictional Account 00119,owner-20,176878.30,174701.51,219688.77,219688.77,-2176.79,no_decline_signal,,No action from this decline rule; other questions require separate evidence.
account-00120,Fictional Account 00120,owner-21,1559.47,1572.29,1951.95,1951.95,12.82,no_decline_signal,,No action from this decline rule; other questions require separate evidence.
account-00121,Fictional Account 00121,owner-22,66141.40,65944.63,82770.17,82770.17,-196.77,no_decline_signal,,No action from this decline rule; other questions require separate evidence.
account-00122,Fictional Account 00122,owner-23,208778.84,205657.14,256477.90,256477.90,-3121.70,no_decline_signal,,No action from this decline rule; other questions require separate evidence.
account-00123,Fictional Account 00123,owner-24,2901.28,2980.63,3688.09,3688.09,79.35,no_decline_signal,,No action from this decline rule; other questions require separate evidence.
account-00124,Fictional Account 00124,owner-25,402783.22,407232.87,507619.77,507619.77,4449.65,no_decline_signal,,No action from this decline rule; other questions require separate evidence.
account-00125,Fictional Account 00125,owner-26,137584.35,140552.46,175836.29,175836.29,2968.11,no_decline_signal,,No action from this decline rule; other questions require separate evidence.
account-00126,Fictional Account 00126,owner-27,384795.79,384878.89,484678.32,484678.32,83.10,no_decline_signal,,No action from this decline rule; other questions require separate evidence.
account-00127,Fictional Account 00127,owner-28,13032.96,12776.28,16134.02,16134.02,-256.68,no_decline_signal,,No action from this decline rule; other questions require separate evidence.
account-00128,Fictional Account 00128,owner-29,177575.94,183224.17,225877.61,225877.61,5648.23,no_decline_signal,,No action from this decline rule; other questions require separate evidence.
account-00129,Fictional Account 00129,owner-30,134110.79,132950.90,167751.15,167751.15,-1159.89,no_decline_signal,,No action from this decline rule; other questions require separate evidence.
account-00130,Fictional Account 00130,owner-31,38314.95,38395.68,47720.54,47720.54,80.73,no_decline_signal,,No action from this decline rule; other questions require separate evidence.
account-00131,Fictional Account 00131,owner-32,8643.03,8684.79,10976.00,10976.00,41.76,no_decline_signal,,No action from this decline rule; other questions require separate evidence.
account-00132,Fictional Account 00132,owner-33,108344.43,108922.85,136422.51,136422.51,578.42,no_decline_signal,,No action from this decline rule; other questions require separate evidence.
account-00133,Fictional Account 00133,owner-34,509159.94,516415.30,634844.70,634844.70,7255.36,no_decline_signal,,No action from this decline rule; other questions require separate evidence.
account-00134,Fictional Account 00134,owner-35,53533.88,52664.64,65851.52,65851.52,-869.24,no_decline_signal,,No action from this decline rule; other questions require separate evidence.
account-00135,Fictional Account 00135,owner-36,144125.41,142570.53,180200.51,180200.51,-1554.88,no_decline_signal,,No action from this decline rule; other questions require separate evidence.
account-00136,Fictional Account 00136,owner-37,3258.62,3303.58,4105.92,4105.92,44.96,no_decline_signal,,No action from this decline rule; other questions require separate evidence.
account-00137,Fictional Account 00137,owner-38,172842.78,173573.04,215143.74,215143.74,730.26,no_decline_signal,,No action from this decline rule; other questions require separate evidence.
account-00138,Fictional Account 00138,owner-39,33319.06,33059.50,41826.89,41826.89,-259.56,no_decline_signal,,No action from this decline rule; other questions require separate evidence.
account-00139,Fictional Account 00139,owner-40,53190.54,53704.51,67122.02,67122.02,513.97,no_decline_signal,,No action from this decline rule; other questions require separate evidence.
account-00140,Fictional Account 00140,owner-41,14623.34,14842.81,18323.69,18323.69,219.47,no_decline_signal,,No action from this decline rule; other questions require separate evidence.
account-00141,Fictional Account 00141,owner-42,1137215.90,1145302.46,1420829.76,1420829.76,8086.56,no_decline_signal,,No action from this decline rule; other questions require separate evidence.
account-00142,Fictional Account 00142,owner-43,25056.29,24643.40,30877.49,30877.49,-412.89,no_decline_signal,,No action from this decline rule; other questions require separate evidence.
account-00143,Fictional Account 00143,owner-44,49984.84,51326.91,62398.14,62398.14,1342.07,no_decline_signal,,No action from this decline rule; other questions require separate evidence.
account-00144,Fictional Account 00144,owner-45,159451.84,160436.54,201782.35,201782.35,984.70,no_decline_signal,,No action from this decline rule; other questions require separate evidence.
account-00145,Fictional Account 00145,owner-46,64116.51,63593.29,79344.30,79344.30,-523.22,no_decline_signal,,No action from this decline rule; other questions require separate evidence.
account-00146,Fictional Account 00146,owner-47,38156.14,37478.04,47695.90,47695.90,-678.10,no_decline_signal,,No action from this decline rule; other questions require separate evidence.
account-00147,Fictional Account 00147,owner-48,193300.65,194696.60,239973.44,239973.44,1395.95,no_decline_signal,,No action from this decline rule; other questions require separate evidence.
account-00148,Fictional Account 00148,owner-49,8504.44,8420.60,10570.35,10570.35,-83.84,no_decline_signal,,No action from this decline rule; other questions require separate evidence.
account-00149,Fictional Account 00149,owner-50,127431.83,128445.56,160398.84,160398.84,1013.73,no_decline_signal,,No action from this decline rule; other questions require separate evidence.
account-00150,Fictional Account 00150,owner-1,2080849.62,2047939.63,2580308.99,2580308.99,-32909.99,no_decline_signal,,No action from this decline rule; other questions require separate evidence.
account-00151,Fictional Account 00151,owner-2,139122.52,136328.48,170131.15,170131.15,-2794.04,no_decline_signal,,No action from this decline rule; other questions require separate evidence.
account-00152,Fictional Account 00152,owner-3,21851.40,21718.11,27442.87,27442.87,-133.29,no_decline_signal,,No action from this decline rule; other questions require separate evidence.
account-00153,Fictional Account 00153,owner-4,42258.82,42588.93,52900.61,52900.61,330.11,no_decline_signal,,No action from this decline rule; other questions require separate evidence.
account-00154,Fictional Account 00154,owner-5,5638.34,5715.55,7196.00,7196.00,77.21,no_decline_signal,,No action from this decline rule; other questions require separate evidence.
account-00155,Fictional Account 00155,owner-6,74565.57,74953.64,94061.59,94061.59,388.07,no_decline_signal,,No action from this decline rule; other questions require separate evidence.
account-00156,Fictional Account 00156,owner-7,1271086.76,1286441.77,1590016.89,1590016.89,15355.01,no_decline_signal,,No action from this decline rule; other questions require separate evidence.
account-00157,Fictional Account 00157,owner-8,13370.40,13127.47,16477.65,16477.65,-242.93,no_decline_signal,,No action from this decline rule; other questions require separate evidence.
account-00158,Fictional Account 00158,owner-9,81121.08,80398.64,100659.37,100659.37,-722.44,no_decline_signal,,No action from this decline rule; other questions require separate evidence.
account-00159,Fictional Account 00159,owner-10,43840.94,44431.83,54538.61,54538.61,590.89,no_decline_signal,,No action from this decline rule; other questions require separate evidence.
account-00160,Fictional Account 00160,owner-11,10645506.85,10348277.52,13088860.54,13088860.54,-297229.33,no_decline_signal,,No action from this decline rule; other questions require separate evidence.
account-00161,Fictional Account 00161,owner-12,1034410.25,1045184.14,1291389.40,1291389.40,10773.89,no_decline_signal,,No action from this decline rule; other questions require separate evidence.
account-00162,Fictional Account 00162,owner-13,237676.37,237648.99,299612.25,299612.25,-27.38,no_decline_signal,,No action from this decline rule; other questions require separate evidence.
account-00163,Fictional Account 00163,owner-14,507972.89,512330.89,629248.97,629248.97,4358.00,no_decline_signal,,No action from this decline rule; other questions require separate evidence.
account-00164,Fictional Account 00164,owner-15,69306.59,70796.77,87804.85,87804.85,1490.18,no_decline_signal,,No action from this decline rule; other questions require separate evidence.
account-00165,Fictional Account 00165,owner-16,12622.09,12770.64,15926.89,15926.89,148.55,no_decline_signal,,No action from this decline rule; other questions require separate evidence.
account-00166,Fictional Account 00166,owner-17,320319.68,330002.53,400211.00,400211.00,9682.85,no_decline_signal,,No action from this decline rule; other questions require separate evidence.
account-00167,Fictional Account 00167,owner-18,120184.62,121266.85,150312.40,150312.40,1082.23,no_decline_signal,,No action from this decline rule; other questions require separate evidence.
account-00168,Fictional Account 00168,owner-19,16720.47,16860.37,20923.91,20923.91,139.90,no_decline_signal,,No action from this decline rule; other questions require separate evidence.
account-00169,Fictional Account 00169,owner-20,32450.62,32088.39,40429.90,40429.90,-362.23,no_decline_signal,,No action from this decline rule; other questions require separate evidence.
account-00170,Fictional Account 00170,owner-21,85238.91,86915.31,108094.42,108094.42,1676.40,no_decline_signal,,No action from this decline rule; other questions require separate evidence.
account-00171,Fictional Account 00171,owner-22,7917.39,8014.72,10009.30,10009.30,97.33,no_decline_signal,,No action from this decline rule; other questions require separate evidence.
account-00172,Fictional Account 00172,owner-23,138825.81,136169.83,169139.46,169139.46,-2655.98,no_decline_signal,,No action from this decline rule; other questions require separate evidence.
account-00173,Fictional Account 00173,owner-24,45622.80,45543.30,57010.59,57010.59,-79.50,no_decline_signal,,No action from this decline rule; other questions require separate evidence.
account-00174,Fictional Account 00174,owner-25,57933.99,59021.21,72954.21,72954.21,1087.22,no_decline_signal,,No action from this decline rule; other questions require separate evidence.
account-00175,Fictional Account 00175,owner-26,8776.87,8994.47,11063.57,11063.57,217.60,no_decline_signal,,No action from this decline rule; other questions require separate evidence.
account-00176,Fictional Account 00176,owner-27,155723.67,155047.96,195134.10,195134.10,-675.71,no_decline_signal,,No action from this decline rule; other questions require separate evidence.
account-00177,Fictional Account 00177,owner-28,16354.50,16021.97,20403.46,20403.46,-332.53,no_decline_signal,,No action from this decline rule; other questions require separate evidence.
account-00178,Fictional Account 00178,owner-29,33762.89,33976.99,42003.85,42003.85,214.10,no_decline_signal,,No action from this decline rule; other questions require separate evidence.
account-00179,Fictional Account 00179,owner-30,103903.50,103562.11,129321.50,129321.50,-341.39,no_decline_signal,,No action from this decline rule; other questions require separate evidence.
account-00180,Fictional Account 00180,owner-31,30903.48,30466.07,38160.57,38160.57,-437.41,no_decline_signal,,No action from this decline rule; other questions require separate evidence.
account-00181,Fictional Account 00181,owner-32,63651.21,64773.43,80885.91,80885.91,1122.22,no_decline_signal,,No action from this decline rule; other questions require separate evidence.
account-00182,Fictional Account 00182,owner-33,20361.89,20944.53,25760.42,25760.42,582.64,no_decline_signal,,No action from this decline rule; other questions require separate evidence.
account-00183,Fictional Account 00183,owner-34,57023.66,56397.85,71392.79,71392.79,-625.81,no_decline_signal,,No action from this decline rule; other questions require separate evidence.
account-00184,Fictional Account 00184,owner-35,69475.78,69303.61,87086.09,87086.09,-172.17,no_decline_signal,,No action from this decline rule; other questions require separate evidence.
account-00185,Fictional Account 00185,owner-36,105483.60,105946.89,132477.17,132477.17,463.29,no_decline_signal,,No action from this decline rule; other questions require separate evidence.
account-00186,Fictional Account 00186,owner-37,41472.69,40981.70,51265.97,51265.97,-490.99,no_decline_signal,,No action from this decline rule; other questions require separate evidence.
account-00187,Fictional Account 00187,owner-38,13271.66,13420.68,16803.50,16803.50,149.02,no_decline_signal,,No action from this decline rule; other questions require separate evidence.
account-00188,Fictional Account 00188,owner-39,11906.24,11698.42,14868.56,14868.56,-207.82,no_decline_signal,,No action from this decline rule; other questions require separate evidence.
account-00189,Fictional Account 00189,owner-40,24850.42,25043.68,31843.70,31843.70,193.26,no_decline_signal,,No action from this decline rule; other questions require separate evidence.
account-00190,Fictional Account 00190,owner-41,228586.96,228868.43,283096.87,283096.87,281.47,no_decline_signal,,No action from this decline rule; other questions require separate evidence.
account-00191,Fictional Account 00191,owner-42,3686619.19,3695290.67,4543432.74,4543432.74,8671.48,no_decline_signal,,No action from this decline rule; other questions require separate evidence.
account-00192,Fictional Account 00192,owner-43,38694.65,38333.48,47881.96,47881.96,-361.17,no_decline_signal,,No action from this decline rule; other questions require separate evidence.
account-00193,Fictional Account 00193,owner-44,453457.52,444524.74,560702.24,560702.24,-8932.78,no_decline_signal,,No action from this decline rule; other questions require separate evidence.
account-00194,Fictional Account 00194,owner-45,383427.73,371269.99,469669.90,469669.90,-12157.74,no_decline_signal,,No action from this decline rule; other questions require separate evidence.
account-00195,Fictional Account 00195,owner-46,4250.29,4208.27,5223.54,5223.54,-42.02,no_decline_signal,,No action from this decline rule; other questions require separate evidence.
account-00196,Fictional Account 00196,owner-47,95654.34,95402.76,118342.21,118342.21,-251.58,no_decline_signal,,No action from this decline rule; other questions require separate evidence.
account-00197,Fictional Account 00197,owner-48,692676.99,683313.27,867010.55,867010.55,-9363.72,no_decline_signal,,No action from this decline rule; other questions require separate evidence.
account-00198,Fictional Account 00198,owner-49,8626.73,8635.04,10874.92,10874.92,8.31,no_decline_signal,,No action from this decline rule; other questions require separate evidence.
account-00199,Fictional Account 00199,owner-50,155211.22,159884.77,197077.16,197077.16,4673.55,no_decline_signal,,No action from this decline rule; other questions require separate evidence.
account-00200,Fictional Account 00200,owner-1,16966.18,17292.65,21399.42,21399.42,326.47,no_decline_signal,,No action from this decline rule; other questions require separate evidence.
account-00201,Fictional Account 00201,owner-2,544399.15,544298.60,676690.14,676690.14,-100.55,no_decline_signal,,No action from this decline rule; other questions require separate evidence.
account-00202,Fictional Account 00202,owner-3,143551.83,139443.75,174494.11,174494.11,-4108.08,no_decline_signal,,No action from this decline rule; other questions require separate evidence.
account-00203,Fictional Account 00203,owner-4,287114.24,278993.15,357442.61,357442.61,-8121.09,no_decline_signal,,No action from this decline rule; other questions require separate evidence.
account-00204,Fictional Account 00204,owner-5,743076.30,727798.38,915002.69,915002.69,-15277.92,no_decline_signal,,No action from this decline rule; other questions require separate evidence.
account-00205,Fictional Account 00205,owner-6,232297.53,234087.07,292137.30,292137.30,1789.54,no_decline_signal,,No action from this decline rule; other questions require separate evidence.
account-00206,Fictional Account 00206,owner-7,58091.59,57372.07,71541.40,71541.40,-719.52,no_decline_signal,,No action from this decline rule; other questions require separate evidence.
account-00207,Fictional Account 00207,owner-8,78700.88,79814.61,98137.76,98137.76,1113.73,no_decline_signal,,No action from this decline rule; other questions require separate evidence.
account-00208,Fictional Account 00208,owner-9,586956.80,590157.46,735061.11,735061.11,3200.66,no_decline_signal,,No action from this decline rule; other questions require separate evidence.
account-00209,Fictional Account 00209,owner-10,198248.66,198992.92,246679.65,246679.65,744.26,no_decline_signal,,No action from this decline rule; other questions require separate evidence.
account-00210,Fictional Account 00210,owner-11,3492.96,3464.00,4385.92,4385.92,-28.96,no_decline_signal,,No action from this decline rule; other questions require separate evidence.
account-00211,Fictional Account 00211,owner-12,93360.17,91097.89,115963.05,115963.05,-2262.28,no_decline_signal,,No action from this decline rule; other questions require separate evidence.
account-00212,Fictional Account 00212,owner-13,41559.10,41091.73,51765.49,51765.49,-467.37,no_decline_signal,,No action from this decline rule; other questions require separate evidence.
account-00213,Fictional Account 00213,owner-14,1382.21,1378.48,1722.77,1722.77,-3.73,no_decline_signal,,No action from this decline rule; other questions require separate evidence.
account-00214,Fictional Account 00214,owner-15,281298.47,281531.38,351377.11,351377.11,232.91,no_decline_signal,,No action from this decline rule; other questions require separate evidence.
account-00215,Fictional Account 00215,owner-16,61574.00,61388.25,75946.57,75946.57,-185.75,no_decline_signal,,No action from this decline rule; other questions require separate evidence.
account-00216,Fictional Account 00216,owner-17,56067.91,57062.72,69580.91,69580.91,994.81,no_decline_signal,,No action from this decline rule; other questions require separate evidence.
account-00217,Fictional Account 00217,owner-18,230386.92,229346.02,289140.25,289140.25,-1040.90,no_decline_signal,,No action from this decline rule; other questions require separate evidence.
account-00218,Fictional Account 00218,owner-19,1967.36,1956.59,2456.65,2456.65,-10.77,no_decline_signal,,No action from this decline rule; other questions require separate evidence.
account-00219,Fictional Account 00219,owner-20,2461.30,2487.63,3096.10,3096.10,26.33,no_decline_signal,,No action from this decline rule; other questions require separate evidence.
account-00220,Fictional Account 00220,owner-21,155982.24,155166.64,196058.94,196058.94,-815.60,no_decline_signal,,No action from this decline rule; other questions require separate evidence.
account-00221,Fictional Account 00221,owner-22,68368.55,67685.41,84906.36,84906.36,-683.14,no_decline_signal,,No action from this decline rule; other questions require separate evidence.
account-00222,Fictional Account 00222,owner-23,306130.27,311134.57,383095.16,383095.16,5004.30,no_decline_signal,,No action from this decline rule; other questions require separate evidence.
account-00223,Fictional Account 00223,owner-24,69028.96,68800.19,85543.22,85543.22,-228.77,no_decline_signal,,No action from this decline rule; other questions require separate evidence.
account-00224,Fictional Account 00224,owner-25,20281.14,19976.04,24972.57,24972.57,-305.10,no_decline_signal,,No action from this decline rule; other questions require separate evidence.
account-00225,Fictional Account 00225,owner-26,156774.55,156388.45,195279.14,195279.14,-386.10,no_decline_signal,,No action from this decline rule; other questions require separate evidence.
account-00226,Fictional Account 00226,owner-27,115103.10,115891.40,142809.87,142809.87,788.30,no_decline_signal,,No action from this decline rule; other questions require separate evidence.
account-00227,Fictional Account 00227,owner-28,87832.50,89613.33,110122.60,110122.60,1780.83,no_decline_signal,,No action from this decline rule; other questions require separate evidence.
account-00228,Fictional Account 00228,owner-29,193905.10,196604.93,246849.40,246849.40,2699.83,no_decline_signal,,No action from this decline rule; other questions require separate evidence.
account-00229,Fictional Account 00229,owner-30,157269.34,157130.33,196185.92,196185.92,-139.01,no_decline_signal,,No action from this decline rule; other questions require separate evidence.
account-00230,Fictional Account 00230,owner-31,36671.06,36708.12,46321.24,46321.24,37.06,no_decline_signal,,No action from this decline rule; other questions require separate evidence.
account-00231,Fictional Account 00231,owner-32,31363.07,31900.28,39040.47,39040.47,537.21,no_decline_signal,,No action from this decline rule; other questions require separate evidence.
account-00232,Fictional Account 00232,owner-33,113748.34,112874.45,141339.45,141339.45,-873.89,no_decline_signal,,No action from this decline rule; other questions require separate evidence.
account-00233,Fictional Account 00233,owner-34,27192.85,27117.65,34095.32,34095.32,-75.20,no_decline_signal,,No action from this decline rule; other questions require separate evidence.
account-00234,Fictional Account 00234,owner-35,66663.04,65259.18,82719.07,82719.07,-1403.86,no_decline_signal,,No action from this decline rule; other questions require separate evidence.
account-00235,Fictional Account 00235,owner-36,1016961.34,1008139.95,1265362.91,1265362.91,-8821.39,no_decline_signal,,No action from this decline rule; other questions require separate evidence.
account-00236,Fictional Account 00236,owner-37,40971.64,41767.93,51535.54,51535.54,796.29,no_decline_signal,,No action from this decline rule; other questions require separate evidence.
account-00237,Fictional Account 00237,owner-38,27887.52,27587.69,34611.22,34611.22,-299.83,no_decline_signal,,No action from this decline rule; other questions require separate evidence.
account-00238,Fictional Account 00238,owner-39,87185.15,87041.69,108216.22,108216.22,-143.46,no_decline_signal,,No action from this decline rule; other questions require separate evidence.
account-00239,Fictional Account 00239,owner-40,138077.78,139614.33,171489.92,171489.92,1536.55,no_decline_signal,,No action from this decline rule; other questions require separate evidence.
account-00240,Fictional Account 00240,owner-41,490321.62,492332.42,617346.94,617346.94,2010.80,no_decline_signal,,No action from this decline rule; other questions require separate evidence.
account-00241,Fictional Account 00241,owner-42,716794.77,733979.34,911303.40,911303.40,17184.57,no_decline_signal,,No action from this decline rule; other questions require separate evidence.
account-00242,Fictional Account 00242,owner-43,65958.14,67259.39,83291.32,83291.32,1301.25,no_decline_signal,,No action from this decline rule; other questions require separate evidence.
account-00243,Fictional Account 00243,owner-44,664577.01,669843.26,842406.67,842406.67,5266.25,no_decline_signal,,No action from this decline rule; other questions require separate evidence.
account-00244,Fictional Account 00244,owner-45,305187.60,307105.68,382303.74,382303.74,1918.08,no_decline_signal,,No action from this decline rule; other questions require separate evidence.
account-00245,Fictional Account 00245,owner-46,3952.11,4022.50,4979.45,4979.45,70.39,no_decline_signal,,No action from this decline rule; other questions require separate evidence.
account-00246,Fictional Account 00246,owner-47,96695.49,97874.58,120948.87,120948.87,1179.09,no_decline_signal,,No action from this decline rule; other questions require separate evidence.
account-00247,Fictional Account 00247,owner-48,433365.17,433630.55,540024.66,540024.66,265.38,no_decline_signal,,No action from this decline rule; other questions require separate evidence.
account-00248,Fictional Account 00248,owner-49,199051.39,202720.09,251971.09,251971.09,3668.70,no_decline_signal,,No action from this decline rule; other questions require separate evidence.
account-00249,Fictional Account 00249,owner-50,84641.77,86567.34,106569.54,106569.54,1925.57,no_decline_signal,,No action from this decline rule; other questions require separate evidence.
account-00250,Fictional Account 00250,owner-1,26918.03,26748.86,33415.06,33415.06,-169.17,no_decline_signal,,No action from this decline rule; other questions require separate evidence.
account-00251,Fictional Account 00251,owner-2,166132.31,170874.85,212915.29,212915.29,4742.54,no_decline_signal,,No action from this decline rule; other questions require separate evidence.
account-00252,Fictional Account 00252,owner-3,29546.74,29674.75,36966.72,36966.72,128.01,no_decline_signal,,No action from this decline rule; other questions require separate evidence.
account-00253,Fictional Account 00253,owner-4,126937.28,127749.10,156465.47,156465.47,811.82,no_decline_signal,,No action from this decline rule; other questions require separate evidence.
account-00254,Fictional Account 00254,owner-5,107104.24,106689.86,134787.24,134787.24,-414.38,no_decline_signal,,No action from this decline rule; other questions require separate evidence.
account-00255,Fictional Account 00255,owner-6,7323.76,7284.28,9071.30,9071.30,-39.48,no_decline_signal,,No action from this decline rule; other questions require separate evidence.
account-00256,Fictional Account 00256,owner-7,197011.03,198035.07,249590.46,249590.46,1024.04,no_decline_signal,,No action from this decline rule; other questions require separate evidence.
account-00257,Fictional Account 00257,owner-8,552510.65,550251.24,691250.56,691250.56,-2259.41,no_decline_signal,,No action from this decline rule; other questions require separate evidence.
account-00258,Fictional Account 00258,owner-9,50716.59,49890.38,62809.81,62809.81,-826.21,no_decline_signal,,No action from this decline rule; other questions require separate evidence.
account-00259,Fictional Account 00259,owner-10,4945043.64,4889410.42,6069708.61,6069708.61,-55633.22,no_decline_signal,,No action from this decline rule; other questions require separate evidence.
account-00260,Fictional Account 00260,owner-11,21966.22,21938.67,27701.17,27701.17,-27.55,no_decline_signal,,No action from this decline rule; other questions require separate evidence.
account-00261,Fictional Account 00261,owner-12,343394.85,343588.78,424201.61,424201.61,193.93,no_decline_signal,,No action from this decline rule; other questions require separate evidence.
account-00262,Fictional Account 00262,owner-13,41314.34,41267.24,51514.89,51514.89,-47.10,no_decline_signal,,No action from this decline rule; other questions require separate evidence.
account-00263,Fictional Account 00263,owner-14,394516.96,386799.62,483023.45,483023.45,-7717.34,no_decline_signal,,No action from this decline rule; other questions require separate evidence.
account-00264,Fictional Account 00264,owner-15,758313.64,751197.26,937777.47,937777.47,-7116.38,no_decline_signal,,No action from this decline rule; other questions require separate evidence.
account-00265,Fictional Account 00265,owner-16,75339.89,74582.83,94228.75,94228.75,-757.06,no_decline_signal,,No action from this decline rule; other questions require separate evidence.
account-00266,Fictional Account 00266,owner-17,9632.82,9782.43,11921.49,11921.49,149.61,no_decline_signal,,No action from this decline rule; other questions require separate evidence.
account-00267,Fictional Account 00267,owner-18,40721.88,42585.57,52099.95,52099.95,1863.69,no_decline_signal,,No action from this decline rule; other questions require separate evidence.
account-00268,Fictional Account 00268,owner-19,576849.81,579273.36,733777.59,733777.59,2423.55,no_decline_signal,,No action from this decline rule; other questions require separate evidence.
account-00269,Fictional Account 00269,owner-20,141121.75,140285.40,175912.17,175912.17,-836.35,no_decline_signal,,No action from this decline rule; other questions require separate evidence.
account-00270,Fictional Account 00270,owner-21,61984.20,61814.10,77112.35,77112.35,-170.10,no_decline_signal,,No action from this decline rule; other questions require separate evidence.
account-00271,Fictional Account 00271,owner-22,276612.70,280272.80,354662.84,354662.84,3660.10,no_decline_signal,,No action from this decline rule; other questions require separate evidence.
account-00272,Fictional Account 00272,owner-23,139350.72,141641.65,174918.10,174918.10,2290.93,no_decline_signal,,No action from this decline rule; other questions require separate evidence.
account-00273,Fictional Account 00273,owner-24,74813.58,75874.36,93658.81,93658.81,1060.78,no_decline_signal,,No action from this decline rule; other questions require separate evidence.
account-00274,Fictional Account 00274,owner-25,43332.75,42959.84,53316.69,53316.69,-372.91,no_decline_signal,,No action from this decline rule; other questions require separate evidence.
account-00275,Fictional Account 00275,owner-26,1619751.85,1663005.17,2080629.04,2080629.04,43253.32,no_decline_signal,,No action from this decline rule; other questions require separate evidence.
account-00276,Fictional Account 00276,owner-27,18055.29,18431.96,22950.76,22950.76,376.67,no_decline_signal,,No action from this decline rule; other questions require separate evidence.
account-00277,Fictional Account 00277,owner-28,458500.98,454174.00,576271.01,576271.01,-4326.98,no_decline_signal,,No action from this decline rule; other questions require separate evidence.
account-00278,Fictional Account 00278,owner-29,65132.82,64448.43,80923.57,80923.57,-684.39,no_decline_signal,,No action from this decline rule; other questions require separate evidence.
account-00279,Fictional Account 00279,owner-30,45395.91,47222.89,57690.22,57690.22,1826.98,no_decline_signal,,No action from this decline rule; other questions require separate evidence.
account-00280,Fictional Account 00280,owner-31,90851.04,94562.54,115571.47,115571.47,3711.50,no_decline_signal,,No action from this decline rule; other questions require separate evidence.
account-00281,Fictional Account 00281,owner-32,21984.03,21858.40,27205.64,27205.64,-125.63,no_decline_signal,,No action from this decline rule; other questions require separate evidence.
account-00282,Fictional Account 00282,owner-33,451219.22,447346.77,558218.57,558218.57,-3872.45,no_decline_signal,,No action from this decline rule; other questions require separate evidence.
account-00283,Fictional Account 00283,owner-34,177720.76,177652.22,222097.05,222097.05,-68.54,no_decline_signal,,No action from this decline rule; other questions require separate evidence.
account-00284,Fictional Account 00284,owner-35,440791.72,440766.48,552386.45,552386.45,-25.24,no_decline_signal,,No action from this decline rule; other questions require separate evidence.
account-00285,Fictional Account 00285,owner-36,45017.98,44460.78,56562.59,56562.59,-557.20,no_decline_signal,,No action from this decline rule; other questions require separate evidence.
account-00286,Fictional Account 00286,owner-37,109359.67,110895.82,138570.32,138570.32,1536.15,no_decline_signal,,No action from this decline rule; other questions require separate evidence.
account-00287,Fictional Account 00287,owner-38,10957.06,11020.37,13543.32,13543.32,63.31,no_decline_signal,,No action from this decline rule; other questions require separate evidence.
account-00288,Fictional Account 00288,owner-39,87332.74,91539.45,111204.17,111204.17,4206.71,no_decline_signal,,No action from this decline rule; other questions require separate evidence.
account-00289,Fictional Account 00289,owner-40,68987.71,69285.40,85685.04,85685.04,297.69,no_decline_signal,,No action from this decline rule; other questions require separate evidence.
account-00290,Fictional Account 00290,owner-41,420304.48,413771.26,526870.89,526870.89,-6533.22,no_decline_signal,,No action from this decline rule; other questions require separate evidence.
account-00291,Fictional Account 00291,owner-42,241280.37,238723.79,298268.39,298268.39,-2556.58,no_decline_signal,,No action from this decline rule; other questions require separate evidence.
account-00292,Fictional Account 00292,owner-43,2256.98,2230.81,2816.17,2816.17,-26.17,no_decline_signal,,No action from this decline rule; other questions require separate evidence.
account-00293,Fictional Account 00293,owner-44,95889.81,94836.58,118759.55,118759.55,-1053.23,no_decline_signal,,No action from this decline rule; other questions require separate evidence.
account-00294,Fictional Account 00294,owner-45,696558.35,690579.72,871881.22,871881.22,-5978.63,no_decline_signal,,No action from this decline rule; other questions require separate evidence.
account-00295,Fictional Account 00295,owner-46,5015.75,5018.99,6179.11,6179.11,3.24,no_decline_signal,,No action from this decline rule; other questions require separate evidence.
account-00296,Fictional Account 00296,owner-47,2777.68,2717.90,3435.67,3435.67,-59.78,no_decline_signal,,No action from this decline rule; other questions require separate evidence.
account-00297,Fictional Account 00297,owner-48,86097.20,86028.64,107130.24,107130.24,-68.56,no_decline_signal,,No action from this decline rule; other questions require separate evidence.
account-00298,Fictional Account 00298,owner-49,34892.68,34672.85,43225.00,43225.00,-219.83,no_decline_signal,,No action from this decline rule; other questions require separate evidence.
account-00299,Fictional Account 00299,owner-50,74305.94,73719.70,92923.60,92923.60,-586.24,no_decline_signal,,No action from this decline rule; other questions require separate evidence.
account-00300,Fictional Account 00300,owner-1,88986.32,89033.50,111574.05,111574.05,47.18,no_decline_signal,,No action from this decline rule; other questions require separate evidence.
account-00301,Fictional Account 00301,owner-2,103691.41,103148.17,128470.86,128470.86,-543.24,no_decline_signal,,No action from this decline rule; other questions require separate evidence.
account-00302,Fictional Account 00302,owner-3,64479.60,64607.25,80935.96,80935.96,127.65,no_decline_signal,,No action from this decline rule; other questions require separate evidence.
account-00303,Fictional Account 00303,owner-4,5431.49,5380.39,6783.77,6783.77,-51.10,no_decline_signal,,No action from this decline rule; other questions require separate evidence.
account-00304,Fictional Account 00304,owner-5,96095.13,98429.45,122015.39,122015.39,2334.32,no_decline_signal,,No action from this decline rule; other questions require separate evidence.
account-00305,Fictional Account 00305,owner-6,650198.57,644622.36,811843.62,811843.62,-5576.21,no_decline_signal,,No action from this decline rule; other questions require separate evidence.
account-00306,Fictional Account 00306,owner-7,283975.22,283514.42,353675.56,353675.56,-460.80,no_decline_signal,,No action from this decline rule; other questions require separate evidence.
account-00307,Fictional Account 00307,owner-8,801631.09,806490.57,1005212.46,1005212.46,4859.48,no_decline_signal,,No action from this decline rule; other questions require separate evidence.
account-00308,Fictional Account 00308,owner-9,901196.13,896451.86,1112933.29,1112933.29,-4744.27,no_decline_signal,,No action from this decline rule; other questions require separate evidence.
account-00309,Fictional Account 00309,owner-10,7042.01,7078.52,8752.52,8752.52,36.51,no_decline_signal,,No action from this decline rule; other questions require separate evidence.
account-00310,Fictional Account 00310,owner-11,460272.35,464213.81,569104.69,569104.69,3941.46,no_decline_signal,,No action from this decline rule; other questions require separate evidence.
account-00311,Fictional Account 00311,owner-12,425183.80,437353.97,535657.92,535657.92,12170.17,no_decline_signal,,No action from this decline rule; other questions require separate evidence.
account-00312,Fictional Account 00312,owner-13,85770.69,87061.87,108424.61,108424.61,1291.18,no_decline_signal,,No action from this decline rule; other questions require separate evidence.
account-00313,Fictional Account 00313,owner-14,202414.11,203911.65,252963.41,252963.41,1497.54,no_decline_signal,,No action from this decline rule; other questions require separate evidence.
account-00314,Fictional Account 00314,owner-15,120190.84,123983.34,153559.84,153559.84,3792.50,no_decline_signal,,No action from this decline rule; other questions require separate evidence.
account-00315,Fictional Account 00315,owner-16,5926.97,6045.56,7491.47,7491.47,118.59,no_decline_signal,,No action from this decline rule; other questions require separate evidence.
account-00316,Fictional Account 00316,owner-17,19894.92,19792.26,24808.77,24808.77,-102.66,no_decline_signal,,No action from this decline rule; other questions require separate evidence.
account-00317,Fictional Account 00317,owner-18,1044411.30,1033866.01,1292314.10,1292314.10,-10545.29,no_decline_signal,,No action from this decline rule; other questions require separate evidence.
account-00318,Fictional Account 00318,owner-19,49122.24,48710.07,61021.87,61021.87,-412.17,no_decline_signal,,No action from this decline rule; other questions require separate evidence.
account-00319,Fictional Account 00319,owner-20,797466.51,803581.98,994616.56,994616.56,6115.47,no_decline_signal,,No action from this decline rule; other questions require separate evidence.
account-00320,Fictional Account 00320,owner-21,234763.96,237065.33,294401.24,294401.24,2301.37,no_decline_signal,,No action from this decline rule; other questions require separate evidence.
account-00321,Fictional Account 00321,owner-22,4568.97,4478.18,5707.24,5707.24,-90.79,no_decline_signal,,No action from this decline rule; other questions require separate evidence.
account-00322,Fictional Account 00322,owner-23,427955.51,432928.97,537254.62,537254.62,4973.46,no_decline_signal,,No action from this decline rule; other questions require separate evidence.
account-00323,Fictional Account 00323,owner-24,33376.64,32916.99,40957.84,40957.84,-459.65,no_decline_signal,,No action from this decline rule; other questions require separate evidence.
account-00324,Fictional Account 00324,owner-25,10964.92,11092.55,13704.39,13704.39,127.63,no_decline_signal,,No action from this decline rule; other questions require separate evidence.
account-00325,Fictional Account 00325,owner-26,174383.84,172911.93,217188.65,217188.65,-1471.91,no_decline_signal,,No action from this decline rule; other questions require separate evidence.
account-00326,Fictional Account 00326,owner-27,938402.41,935936.58,1179016.02,1179016.02,-2465.83,no_decline_signal,,No action from this decline rule; other questions require separate evidence.
account-00327,Fictional Account 00327,owner-28,14061.66,13939.66,17440.29,17440.29,-122.00,no_decline_signal,,No action from this decline rule; other questions require separate evidence.
account-00328,Fictional Account 00328,owner-29,32400.65,33281.00,40973.80,40973.80,880.35,no_decline_signal,,No action from this decline rule; other questions require separate evidence.
account-00329,Fictional Account 00329,owner-30,15697.11,15746.95,19817.35,19817.35,49.84,no_decline_signal,,No action from this decline rule; other questions require separate evidence.
account-00330,Fictional Account 00330,owner-31,29533.20,29409.03,36580.46,36580.46,-124.17,no_decline_signal,,No action from this decline rule; other questions require separate evidence.
account-00331,Fictional Account 00331,owner-32,142157.95,140604.17,178418.80,178418.80,-1553.78,no_decline_signal,,No action from this decline rule; other questions require separate evidence.
account-00332,Fictional Account 00332,owner-33,21775.48,21783.58,27253.24,27253.24,8.10,no_decline_signal,,No action from this decline rule; other questions require separate evidence.
account-00333,Fictional Account 00333,owner-34,72063.82,73039.16,90598.76,90598.76,975.34,no_decline_signal,,No action from this decline rule; other questions require separate evidence.
account-00334,Fictional Account 00334,owner-35,120078.60,118534.23,148172.01,148172.01,-1544.37,no_decline_signal,,No action from this decline rule; other questions require separate evidence.
account-00335,Fictional Account 00335,owner-36,19719.95,20139.85,25182.36,25182.36,419.90,no_decline_signal,,No action from this decline rule; other questions require separate evidence.
account-00336,Fictional Account 00336,owner-37,495786.35,490298.06,623671.02,623671.02,-5488.29,no_decline_signal,,No action from this decline rule; other questions require separate evidence.
account-00337,Fictional Account 00337,owner-38,71268.83,70333.49,87814.02,87814.02,-935.34,no_decline_signal,,No action from this decline rule; other questions require separate evidence.
account-00338,Fictional Account 00338,owner-39,4977.26,4994.82,6219.85,6219.85,17.56,no_decline_signal,,No action from this decline rule; other questions require separate evidence.
account-00339,Fictional Account 00339,owner-40,115570.06,116057.99,146711.46,146711.46,487.93,no_decline_signal,,No action from this decline rule; other questions require separate evidence.
account-00340,Fictional Account 00340,owner-41,192149.58,192783.87,242357.85,242357.85,634.29,no_decline_signal,,No action from this decline rule; other questions require separate evidence.
account-00341,Fictional Account 00341,owner-42,399032.95,399128.90,493852.66,493852.66,95.95,no_decline_signal,,No action from this decline rule; other questions require separate evidence.
account-00342,Fictional Account 00342,owner-43,981386.49,959942.74,1208195.94,1208195.94,-21443.75,no_decline_signal,,No action from this decline rule; other questions require separate evidence.
account-00343,Fictional Account 00343,owner-44,2355174.49,2351602.92,2920686.09,2920686.09,-3571.57,no_decline_signal,,No action from this decline rule; other questions require separate evidence.
account-00344,Fictional Account 00344,owner-45,132488.16,131190.00,165340.91,165340.91,-1298.16,no_decline_signal,,No action from this decline rule; other questions require separate evidence.
account-00345,Fictional Account 00345,owner-46,53950.11,53748.72,66745.42,66745.42,-201.39,no_decline_signal,,No action from this decline rule; other questions require separate evidence.
account-00346,Fictional Account 00346,owner-47,148827.89,149646.04,184980.46,184980.46,818.15,no_decline_signal,,No action from this decline rule; other questions require separate evidence.
account-00347,Fictional Account 00347,owner-48,9466.81,9740.19,11883.62,11883.62,273.38,no_decline_signal,,No action from this decline rule; other questions require separate evidence.
account-00348,Fictional Account 00348,owner-49,29734.36,29599.09,36646.05,36646.05,-135.27,no_decline_signal,,No action from this decline rule; other questions require separate evidence.
account-00349,Fictional Account 00349,owner-50,2702669.17,2728096.48,3360860.02,3360860.02,25427.31,no_decline_signal,,No action from this decline rule; other questions require separate evidence.
account-00350,Fictional Account 00350,owner-1,192978.81,188918.81,240033.64,240033.64,-4060.00,no_decline_signal,,No action from this decline rule; other questions require separate evidence.
account-00351,Fictional Account 00351,owner-2,238899.98,244537.43,301146.02,301146.02,5637.45,no_decline_signal,,No action from this decline rule; other questions require separate evidence.
account-00352,Fictional Account 00352,owner-3,374664.27,388930.92,480867.24,480867.24,14266.65,no_decline_signal,,No action from this decline rule; other questions require separate evidence.
account-00353,Fictional Account 00353,owner-4,1717443.67,1712988.33,2153819.92,2153819.92,-4455.34,no_decline_signal,,No action from this decline rule; other questions require separate evidence.
account-00354,Fictional Account 00354,owner-5,48450.56,47886.40,59981.39,59981.39,-564.16,no_decline_signal,,No action from this decline rule; other questions require separate evidence.
account-00355,Fictional Account 00355,owner-6,14652.84,14742.27,18411.26,18411.26,89.43,no_decline_signal,,No action from this decline rule; other questions require separate evidence.
account-00356,Fictional Account 00356,owner-7,54023.86,53054.08,67186.21,67186.21,-969.78,no_decline_signal,,No action from this decline rule; other questions require separate evidence.
account-00357,Fictional Account 00357,owner-8,221111.35,221920.74,278826.94,278826.94,809.39,no_decline_signal,,No action from this decline rule; other questions require separate evidence.
account-00358,Fictional Account 00358,owner-9,20576.96,20705.47,25730.39,25730.39,128.51,no_decline_signal,,No action from this decline rule; other questions require separate evidence.
account-00359,Fictional Account 00359,owner-10,495632.80,500243.60,618780.82,618780.82,4610.80,no_decline_signal,,No action from this decline rule; other questions require separate evidence.
account-00360,Fictional Account 00360,owner-11,35350.01,35464.68,44598.47,44598.47,114.67,no_decline_signal,,No action from this decline rule; other questions require separate evidence.
account-00361,Fictional Account 00361,owner-12,32229.58,32786.31,40561.64,40561.64,556.73,no_decline_signal,,No action from this decline rule; other questions require separate evidence.
account-00362,Fictional Account 00362,owner-13,27989.86,29202.54,35547.47,35547.47,1212.68,no_decline_signal,,No action from this decline rule; other questions require separate evidence.
account-00363,Fictional Account 00363,owner-14,13826.75,13780.85,17237.64,17237.64,-45.90,no_decline_signal,,No action from this decline rule; other questions require separate evidence.
account-00364,Fictional Account 00364,owner-15,423958.31,414834.63,529040.96,529040.96,-9123.68,no_decline_signal,,No action from this decline rule; other questions require separate evidence.
account-00365,Fictional Account 00365,owner-16,551332.06,555654.53,691436.97,691436.97,4322.47,no_decline_signal,,No action from this decline rule; other questions require separate evidence.
account-00366,Fictional Account 00366,owner-17,160975.09,160013.03,200428.62,200428.62,-962.06,no_decline_signal,,No action from this decline rule; other questions require separate evidence.
account-00367,Fictional Account 00367,owner-18,59810.84,61150.47,75187.84,75187.84,1339.63,no_decline_signal,,No action from this decline rule; other questions require separate evidence.
account-00368,Fictional Account 00368,owner-19,73088.47,74557.29,91539.77,91539.77,1468.82,no_decline_signal,,No action from this decline rule; other questions require separate evidence.
account-00369,Fictional Account 00369,owner-20,42516.16,42047.62,52695.79,52695.79,-468.54,no_decline_signal,,No action from this decline rule; other questions require separate evidence.
account-00370,Fictional Account 00370,owner-21,13226996.82,13355579.84,16767533.37,16767533.37,128583.02,no_decline_signal,,No action from this decline rule; other questions require separate evidence.
account-00371,Fictional Account 00371,owner-22,42756.10,41976.45,52396.47,52396.47,-779.65,no_decline_signal,,No action from this decline rule; other questions require separate evidence.
account-00372,Fictional Account 00372,owner-23,31151.89,30893.25,38620.96,38620.96,-258.64,no_decline_signal,,No action from this decline rule; other questions require separate evidence.
account-00373,Fictional Account 00373,owner-24,387628.13,394276.03,495478.20,495478.20,6647.90,no_decline_signal,,No action from this decline rule; other questions require separate evidence.
account-00374,Fictional Account 00374,owner-25,248103.10,252388.47,308616.70,308616.70,4285.37,no_decline_signal,,No action from this decline rule; other questions require separate evidence.
account-00375,Fictional Account 00375,owner-26,98825.42,98925.86,123782.89,123782.89,100.44,no_decline_signal,,No action from this decline rule; other questions require separate evidence.
account-00376,Fictional Account 00376,owner-27,204710.73,205408.39,254355.01,254355.01,697.66,no_decline_signal,,No action from this decline rule; other questions require separate evidence.
account-00377,Fictional Account 00377,owner-28,8214.95,8240.65,10510.15,10510.15,25.70,no_decline_signal,,No action from this decline rule; other questions require separate evidence.
account-00378,Fictional Account 00378,owner-29,29251.81,29144.53,36670.06,36670.06,-107.28,no_decline_signal,,No action from this decline rule; other questions require separate evidence.
account-00379,Fictional Account 00379,owner-30,312222.38,315326.98,395418.45,395418.45,3104.60,no_decline_signal,,No action from this decline rule; other questions require separate evidence.
account-00380,Fictional Account 00380,owner-31,27116.23,26677.57,33520.34,33520.34,-438.66,no_decline_signal,,No action from this decline rule; other questions require separate evidence.
account-00381,Fictional Account 00381,owner-32,36011.30,35964.95,44071.65,44071.65,-46.35,no_decline_signal,,No action from this decline rule; other questions require separate evidence.
account-00382,Fictional Account 00382,owner-33,117698.73,118191.71,146716.85,146716.85,492.98,no_decline_signal,,No action from this decline rule; other questions require separate evidence.
account-00383,Fictional Account 00383,owner-34,27950.42,28392.23,35368.55,35368.55,441.81,no_decline_signal,,No action from this decline rule; other questions require separate evidence.
account-00384,Fictional Account 00384,owner-35,286004.29,283256.22,356233.15,356233.15,-2748.07,no_decline_signal,,No action from this decline rule; other questions require separate evidence.
account-00385,Fictional Account 00385,owner-36,254392.68,262654.09,320564.51,320564.51,8261.41,no_decline_signal,,No action from this decline rule; other questions require separate evidence.
account-00386,Fictional Account 00386,owner-37,332569.61,329567.97,416897.25,416897.25,-3001.64,no_decline_signal,,No action from this decline rule; other questions require separate evidence.
account-00387,Fictional Account 00387,owner-38,10075.60,10026.25,12622.47,12622.47,-49.35,no_decline_signal,,No action from this decline rule; other questions require separate evidence.
account-00388,Fictional Account 00388,owner-39,84131.63,86775.32,106159.41,106159.41,2643.69,no_decline_signal,,No action from this decline rule; other questions require separate evidence.
account-00389,Fictional Account 00389,owner-40,70627.04,69818.17,87593.10,87593.10,-808.87,no_decline_signal,,No action from this decline rule; other questions require separate evidence.
account-00390,Fictional Account 00390,owner-41,197939.56,195682.60,245321.72,245321.72,-2256.96,no_decline_signal,,No action from this decline rule; other questions require separate evidence.
account-00391,Fictional Account 00391,owner-42,4946.67,4917.77,6104.84,6104.84,-28.90,no_decline_signal,,No action from this decline rule; other questions require separate evidence.
account-00392,Fictional Account 00392,owner-43,16123.98,16440.85,20522.04,20522.04,316.87,no_decline_signal,,No action from this decline rule; other questions require separate evidence.
account-00393,Fictional Account 00393,owner-44,164885.98,163971.47,204651.51,204651.51,-914.51,no_decline_signal,,No action from this decline rule; other questions require separate evidence.
account-00394,Fictional Account 00394,owner-45,88281.92,88904.50,110722.57,110722.57,622.58,no_decline_signal,,No action from this decline rule; other questions require separate evidence.
account-00395,Fictional Account 00395,owner-46,103456.23,103589.51,129573.92,129573.92,133.28,no_decline_signal,,No action from this decline rule; other questions require separate evidence.
account-00396,Fictional Account 00396,owner-47,2662000.73,2575788.11,3262804.16,3262804.16,-86212.62,no_decline_signal,,No action from this decline rule; other questions require separate evidence.
account-00397,Fictional Account 00397,owner-48,409476.37,409282.17,514912.86,514912.86,-194.20,no_decline_signal,,No action from this decline rule; other questions require separate evidence.
account-00398,Fictional Account 00398,owner-49,159573.20,157087.10,197757.35,197757.35,-2486.10,no_decline_signal,,No action from this decline rule; other questions require separate evidence.
account-00399,Fictional Account 00399,owner-50,65389.24,66269.32,81573.45,81573.45,880.08,no_decline_signal,,No action from this decline rule; other questions require separate evidence.
account-00400,Fictional Account 00400,owner-1,34891.52,35226.17,44910.39,44910.39,334.65,no_decline_signal,,No action from this decline rule; other questions require separate evidence.
account-00401,Fictional Account 00401,owner-2,59177.19,60801.18,75504.24,75504.24,1623.99,no_decline_signal,,No action from this decline rule; other questions require separate evidence.
account-00402,Fictional Account 00402,owner-3,43897.17,43029.53,54617.15,54617.15,-867.64,no_decline_signal,,No action from this decline rule; other questions require separate evidence.
account-00403,Fictional Account 00403,owner-4,52293.58,52170.87,65454.90,65454.90,-122.71,no_decline_signal,,No action from this decline rule; other questions require separate evidence.
account-00404,Fictional Account 00404,owner-5,473626.36,467476.06,584946.74,584946.74,-6150.30,no_decline_signal,,No action from this decline rule; other questions require separate evidence.
account-00405,Fictional Account 00405,owner-6,128327.79,129698.42,159269.81,159269.81,1370.63,no_decline_signal,,No action from this decline rule; other questions require separate evidence.
account-00406,Fictional Account 00406,owner-7,46498.91,46918.52,58187.64,58187.64,419.61,no_decline_signal,,No action from this decline rule; other questions require separate evidence.
account-00407,Fictional Account 00407,owner-8,25336.31,24672.97,31104.71,31104.71,-663.34,no_decline_signal,,No action from this decline rule; other questions require separate evidence.
account-00408,Fictional Account 00408,owner-9,114441.90,115710.16,142823.87,142823.87,1268.26,no_decline_signal,,No action from this decline rule; other questions require separate evidence.
account-00409,Fictional Account 00409,owner-10,98971.74,98843.12,123690.00,123690.00,-128.62,no_decline_signal,,No action from this decline rule; other questions require separate evidence.
account-00410,Fictional Account 00410,owner-11,129408.15,127716.33,161258.02,161258.02,-1691.82,no_decline_signal,,No action from this decline rule; other questions require separate evidence.
account-00411,Fictional Account 00411,owner-12,18448.47,18306.62,22816.50,22816.50,-141.85,no_decline_signal,,No action from this decline rule; other questions require separate evidence.
account-00412,Fictional Account 00412,owner-13,206804.62,210661.40,257806.01,257806.01,3856.78,no_decline_signal,,No action from this decline rule; other questions require separate evidence.
account-00413,Fictional Account 00413,owner-14,642731.49,630566.07,799156.05,799156.05,-12165.42,no_decline_signal,,No action from this decline rule; other questions require separate evidence.
account-00414,Fictional Account 00414,owner-15,112282.21,112288.59,139797.56,139797.56,6.38,no_decline_signal,,No action from this decline rule; other questions require separate evidence.
account-00415,Fictional Account 00415,owner-16,36866.28,37532.05,46197.69,46197.69,665.77,no_decline_signal,,No action from this decline rule; other questions require separate evidence.
account-00416,Fictional Account 00416,owner-17,158825.48,163599.32,203960.12,203960.12,4773.84,no_decline_signal,,No action from this decline rule; other questions require separate evidence.
account-00417,Fictional Account 00417,owner-18,699144.71,698603.73,860676.46,860676.46,-540.98,no_decline_signal,,No action from this decline rule; other questions require separate evidence.
account-00418,Fictional Account 00418,owner-19,57706.38,57480.15,71205.26,71205.26,-226.23,no_decline_signal,,No action from this decline rule; other questions require separate evidence.
account-00419,Fictional Account 00419,owner-20,107520.13,107158.10,136539.97,136539.97,-362.03,no_decline_signal,,No action from this decline rule; other questions require separate evidence.
account-00420,Fictional Account 00420,owner-21,173351.22,171465.33,214862.69,214862.69,-1885.89,no_decline_signal,,No action from this decline rule; other questions require separate evidence.
account-00421,Fictional Account 00421,owner-22,56854.13,56348.52,70112.14,70112.14,-505.61,no_decline_signal,,No action from this decline rule; other questions require separate evidence.
account-00422,Fictional Account 00422,owner-23,23252.53,23084.40,28846.44,28846.44,-168.13,no_decline_signal,,No action from this decline rule; other questions require separate evidence.
account-00423,Fictional Account 00423,owner-24,408737.90,395773.30,497981.96,497981.96,-12964.60,no_decline_signal,,No action from this decline rule; other questions require separate evidence.
account-00424,Fictional Account 00424,owner-25,7628.46,7813.84,9547.16,9547.16,185.38,no_decline_signal,,No action from this decline rule; other questions require separate evidence.
account-00425,Fictional Account 00425,owner-26,142984.50,141936.64,177347.31,177347.31,-1047.86,no_decline_signal,,No action from this decline rule; other questions require separate evidence.
account-00426,Fictional Account 00426,owner-27,171980.54,174641.30,215570.04,215570.04,2660.76,no_decline_signal,,No action from this decline rule; other questions require separate evidence.
account-00427,Fictional Account 00427,owner-28,62276.27,62790.35,78093.05,78093.05,514.08,no_decline_signal,,No action from this decline rule; other questions require separate evidence.
account-00428,Fictional Account 00428,owner-29,156830.25,163827.95,201017.32,201017.32,6997.70,no_decline_signal,,No action from this decline rule; other questions require separate evidence.
account-00429,Fictional Account 00429,owner-30,60461.79,59526.30,74549.51,74549.51,-935.49,no_decline_signal,,No action from this decline rule; other questions require separate evidence.
account-00430,Fictional Account 00430,owner-31,184928.84,191419.12,234572.45,234572.45,6490.28,no_decline_signal,,No action from this decline rule; other questions require separate evidence.
account-00431,Fictional Account 00431,owner-32,120752.17,120217.43,150450.16,150450.16,-534.74,no_decline_signal,,No action from this decline rule; other questions require separate evidence.
account-00432,Fictional Account 00432,owner-33,38487.23,38958.66,48931.82,48931.82,471.43,no_decline_signal,,No action from this decline rule; other questions require separate evidence.
account-00433,Fictional Account 00433,owner-34,32725.82,32100.63,40520.62,40520.62,-625.19,no_decline_signal,,No action from this decline rule; other questions require separate evidence.
account-00434,Fictional Account 00434,owner-35,30422.59,30323.78,37589.51,37589.51,-98.81,no_decline_signal,,No action from this decline rule; other questions require separate evidence.
account-00435,Fictional Account 00435,owner-36,20143.59,20156.71,24943.59,24943.59,13.12,no_decline_signal,,No action from this decline rule; other questions require separate evidence.
account-00436,Fictional Account 00436,owner-37,219370.42,217418.89,273650.09,273650.09,-1951.53,no_decline_signal,,No action from this decline rule; other questions require separate evidence.
account-00437,Fictional Account 00437,owner-38,118993.89,120085.88,151422.60,151422.60,1091.99,no_decline_signal,,No action from this decline rule; other questions require separate evidence.
account-00438,Fictional Account 00438,owner-39,195060.00,190358.50,241989.37,241989.37,-4701.50,no_decline_signal,,No action from this decline rule; other questions require separate evidence.
account-00439,Fictional Account 00439,owner-40,7883.39,7864.83,9909.20,9909.20,-18.56,no_decline_signal,,No action from this decline rule; other questions require separate evidence.
account-00440,Fictional Account 00440,owner-41,480351.30,467915.49,585647.37,585647.37,-12435.81,no_decline_signal,,No action from this decline rule; other questions require separate evidence.
account-00441,Fictional Account 00441,owner-42,244903.96,247760.92,309387.40,309387.40,2856.96,no_decline_signal,,No action from this decline rule; other questions require separate evidence.
account-00442,Fictional Account 00442,owner-43,125016.76,125950.38,155010.94,155010.94,933.62,no_decline_signal,,No action from this decline rule; other questions require separate evidence.
account-00443,Fictional Account 00443,owner-44,51564.93,51666.67,64988.14,64988.14,101.74,no_decline_signal,,No action from this decline rule; other questions require separate evidence.
account-00444,Fictional Account 00444,owner-45,40337.89,41497.67,51617.72,51617.72,1159.78,no_decline_signal,,No action from this decline rule; other questions require separate evidence.
account-00445,Fictional Account 00445,owner-46,13416.80,13446.66,16752.12,16752.12,29.86,no_decline_signal,,No action from this decline rule; other questions require separate evidence.
account-00446,Fictional Account 00446,owner-47,10315.99,10280.17,12632.76,12632.76,-35.82,no_decline_signal,,No action from this decline rule; other questions require separate evidence.
account-00447,Fictional Account 00447,owner-48,385277.18,379738.21,477496.81,477496.81,-5538.97,no_decline_signal,,No action from this decline rule; other questions require separate evidence.
account-00448,Fictional Account 00448,owner-49,1921673.51,1931191.41,2428037.22,2428037.22,9517.90,no_decline_signal,,No action from this decline rule; other questions require separate evidence.
account-00449,Fictional Account 00449,owner-50,222297.72,224749.33,277151.56,277151.56,2451.61,no_decline_signal,,No action from this decline rule; other questions require separate evidence.
account-00450,Fictional Account 00450,owner-1,24807.45,24509.37,30867.34,30867.34,-298.08,no_decline_signal,,No action from this decline rule; other questions require separate evidence.
account-00451,Fictional Account 00451,owner-2,230004.87,229833.88,287723.94,287723.94,-170.99,no_decline_signal,,No action from this decline rule; other questions require separate evidence.
account-00452,Fictional Account 00452,owner-3,123537.64,124965.06,155930.11,155930.11,1427.42,no_decline_signal,,No action from this decline rule; other questions require separate evidence.
account-00453,Fictional Account 00453,owner-4,300042.45,305038.39,384135.15,384135.15,4995.94,no_decline_signal,,No action from this decline rule; other questions require separate evidence.
account-00454,Fictional Account 00454,owner-5,1174535.91,1183813.90,1465385.67,1465385.67,9277.99,no_decline_signal,,No action from this decline rule; other questions require separate evidence.
account-00455,Fictional Account 00455,owner-6,13615.38,13627.20,16937.69,16937.69,11.82,no_decline_signal,,No action from this decline rule; other questions require separate evidence.
account-00456,Fictional Account 00456,owner-7,120721.98,119354.03,151129.16,151129.16,-1367.95,no_decline_signal,,No action from this decline rule; other questions require separate evidence.
account-00457,Fictional Account 00457,owner-8,823141.99,798250.73,1015852.04,1015852.04,-24891.26,no_decline_signal,,No action from this decline rule; other questions require separate evidence.
account-00458,Fictional Account 00458,owner-9,114047.26,110927.85,140986.09,140986.09,-3119.41,no_decline_signal,,No action from this decline rule; other questions require separate evidence.
account-00459,Fictional Account 00459,owner-10,10444.67,10244.28,13084.61,13084.61,-200.39,no_decline_signal,,No action from this decline rule; other questions require separate evidence.
account-00460,Fictional Account 00460,owner-11,38110.73,38071.53,47633.67,47633.67,-39.20,no_decline_signal,,No action from this decline rule; other questions require separate evidence.
account-00461,Fictional Account 00461,owner-12,7637.70,7484.73,9439.15,9439.15,-152.97,no_decline_signal,,No action from this decline rule; other questions require separate evidence.
account-00462,Fictional Account 00462,owner-13,31171.49,31809.92,39367.65,39367.65,638.43,no_decline_signal,,No action from this decline rule; other questions require separate evidence.
account-00463,Fictional Account 00463,owner-14,825029.37,822626.64,1030580.04,1030580.04,-2402.73,no_decline_signal,,No action from this decline rule; other questions require separate evidence.
account-00464,Fictional Account 00464,owner-15,80239.65,79475.68,99180.27,99180.27,-763.97,no_decline_signal,,No action from this decline rule; other questions require separate evidence.
account-00465,Fictional Account 00465,owner-16,150332.61,148475.59,187631.64,187631.64,-1857.02,no_decline_signal,,No action from this decline rule; other questions require separate evidence.
account-00466,Fictional Account 00466,owner-17,489024.80,498584.53,610565.76,610565.76,9559.73,no_decline_signal,,No action from this decline rule; other questions require separate evidence.
account-00467,Fictional Account 00467,owner-18,750190.39,763898.28,946677.34,946677.34,13707.89,no_decline_signal,,No action from this decline rule; other questions require separate evidence.
account-00468,Fictional Account 00468,owner-19,31866.20,31488.76,39934.86,39934.86,-377.44,no_decline_signal,,No action from this decline rule; other questions require separate evidence.
account-00469,Fictional Account 00469,owner-20,18909.73,19086.79,23402.82,23402.82,177.06,no_decline_signal,,No action from this decline rule; other questions require separate evidence.
account-00470,Fictional Account 00470,owner-21,76092.40,77429.39,97245.19,97245.19,1336.99,no_decline_signal,,No action from this decline rule; other questions require separate evidence.
account-00471,Fictional Account 00471,owner-22,24953.14,24171.19,30221.31,30221.31,-781.95,no_decline_signal,,No action from this decline rule; other questions require separate evidence.
account-00472,Fictional Account 00472,owner-23,55356.74,55761.44,69162.31,69162.31,404.70,no_decline_signal,,No action from this decline rule; other questions require separate evidence.
account-00473,Fictional Account 00473,owner-24,18941.40,18954.64,23638.30,23638.30,13.24,no_decline_signal,,No action from this decline rule; other questions require separate evidence.
account-00474,Fictional Account 00474,owner-25,29724.85,29800.65,37268.42,37268.42,75.80,no_decline_signal,,No action from this decline rule; other questions require separate evidence.
account-00475,Fictional Account 00475,owner-26,26958.87,27255.28,34080.76,34080.76,296.41,no_decline_signal,,No action from this decline rule; other questions require separate evidence.
account-00476,Fictional Account 00476,owner-27,629800.10,634247.86,791013.09,791013.09,4447.76,no_decline_signal,,No action from this decline rule; other questions require separate evidence.
account-00477,Fictional Account 00477,owner-28,143045.84,146882.53,182055.72,182055.72,3836.69,no_decline_signal,,No action from this decline rule; other questions require separate evidence.
account-00478,Fictional Account 00478,owner-29,409996.21,414507.00,512590.47,512590.47,4510.79,no_decline_signal,,No action from this decline rule; other questions require separate evidence.
account-00479,Fictional Account 00479,owner-30,27544.96,27740.23,34309.17,34309.17,195.27,no_decline_signal,,No action from this decline rule; other questions require separate evidence.
account-00480,Fictional Account 00480,owner-31,18202.94,18437.56,23194.71,23194.71,234.62,no_decline_signal,,No action from this decline rule; other questions require separate evidence.
account-00481,Fictional Account 00481,owner-32,38699.29,38628.14,48256.95,48256.95,-71.15,no_decline_signal,,No action from this decline rule; other questions require separate evidence.
account-00482,Fictional Account 00482,owner-33,388517.07,392733.26,490580.16,490580.16,4216.19,no_decline_signal,,No action from this decline rule; other questions require separate evidence.
account-00483,Fictional Account 00483,owner-34,16633.00,16555.59,20902.91,20902.91,-77.41,no_decline_signal,,No action from this decline rule; other questions require separate evidence.
account-00484,Fictional Account 00484,owner-35,880296.04,883259.35,1103364.92,1103364.92,2963.31,no_decline_signal,,No action from this decline rule; other questions require separate evidence.
account-00485,Fictional Account 00485,owner-36,1996419.60,1958348.31,2449440.07,2449440.07,-38071.29,no_decline_signal,,No action from this decline rule; other questions require separate evidence.
account-00486,Fictional Account 00486,owner-37,206290.16,210449.27,262570.21,262570.21,4159.11,no_decline_signal,,No action from this decline rule; other questions require separate evidence.
account-00487,Fictional Account 00487,owner-38,147871.74,144122.91,183972.39,183972.39,-3748.83,no_decline_signal,,No action from this decline rule; other questions require separate evidence.
account-00488,Fictional Account 00488,owner-39,43326.41,44324.40,54886.44,54886.44,997.99,no_decline_signal,,No action from this decline rule; other questions require separate evidence.
account-00489,Fictional Account 00489,owner-40,26679.57,27040.70,33650.89,33650.89,361.13,no_decline_signal,,No action from this decline rule; other questions require separate evidence.
account-00490,Fictional Account 00490,owner-41,727321.04,724669.44,902780.27,902780.27,-2651.60,no_decline_signal,,No action from this decline rule; other questions require separate evidence.
account-00491,Fictional Account 00491,owner-42,34068.64,33369.40,42400.47,42400.47,-699.24,no_decline_signal,,No action from this decline rule; other questions require separate evidence.
account-00492,Fictional Account 00492,owner-43,12443.54,12675.79,15952.09,15952.09,232.25,no_decline_signal,,No action from this decline rule; other questions require separate evidence.
account-00493,Fictional Account 00493,owner-44,168471.45,167731.24,210972.09,210972.09,-740.21,no_decline_signal,,No action from this decline rule; other questions require separate evidence.
account-00494,Fictional Account 00494,owner-45,52839.86,52553.98,65654.96,65654.96,-285.88,no_decline_signal,,No action from this decline rule; other questions require separate evidence.
account-00495,Fictional Account 00495,owner-46,200251.47,201558.74,248666.04,248666.04,1307.27,no_decline_signal,,No action from this decline rule; other questions require separate evidence.
account-00496,Fictional Account 00496,owner-47,58295.31,58031.57,73028.76,73028.76,-263.74,no_decline_signal,,No action from this decline rule; other questions require separate evidence.
account-00497,Fictional Account 00497,owner-48,139677.57,139351.68,173869.22,173869.22,-325.89,no_decline_signal,,No action from this decline rule; other questions require separate evidence.
account-00498,Fictional Account 00498,owner-49,61780.41,62275.22,78435.70,78435.70,494.81,no_decline_signal,,No action from this decline rule; other questions require separate evidence.
account-00499,Fictional Account 00499,owner-50,247195.91,240904.10,306022.15,306022.15,-6291.81,no_decline_signal,,No action from this decline rule; other questions require separate evidence.
account-00500,Fictional Account 00500,owner-1,86886.32,87504.51,108834.95,108834.95,618.19,no_decline_signal,,No action from this decline rule; other questions require separate evidence.
account-00501,Fictional Account 00501,owner-2,341181.17,344726.17,427845.60,427845.60,3545.00,no_decline_signal,,No action from this decline rule; other questions require separate evidence.
account-00502,Fictional Account 00502,owner-3,295606.73,301055.45,375108.30,375108.30,5448.72,no_decline_signal,,No action from this decline rule; other questions require separate evidence.
account-00503,Fictional Account 00503,owner-4,67680.02,65780.15,83579.16,83579.16,-1899.87,no_decline_signal,,No action from this decline rule; other questions require separate evidence.
account-00504,Fictional Account 00504,owner-5,40765.71,40735.75,50390.62,50390.62,-29.96,no_decline_signal,,No action from this decline rule; other questions require separate evidence.
account-00505,Fictional Account 00505,owner-6,190259.33,186972.08,235766.30,235766.30,-3287.25,no_decline_signal,,No action from this decline rule; other questions require separate evidence.
account-00506,Fictional Account 00506,owner-7,12753.00,12622.21,15962.24,15962.24,-130.79,no_decline_signal,,No action from this decline rule; other questions require separate evidence.
account-00507,Fictional Account 00507,owner-8,669791.92,662800.15,832352.85,832352.85,-6991.77,no_decline_signal,,No action from this decline rule; other questions require separate evidence.
account-00508,Fictional Account 00508,owner-9,272997.44,270201.15,339356.15,339356.15,-2796.29,no_decline_signal,,No action from this decline rule; other questions require separate evidence.
account-00509,Fictional Account 00509,owner-10,190174.72,194417.24,243264.84,243264.84,4242.52,no_decline_signal,,No action from this decline rule; other questions require separate evidence.
account-00510,Fictional Account 00510,owner-11,3812.65,3837.96,4760.91,4760.91,25.31,no_decline_signal,,No action from this decline rule; other questions require separate evidence.
account-00511,Fictional Account 00511,owner-12,21132.71,21090.74,26047.14,26047.14,-41.97,no_decline_signal,,No action from this decline rule; other questions require separate evidence.
account-00512,Fictional Account 00512,owner-13,51501.20,52556.93,64419.74,64419.74,1055.73,no_decline_signal,,No action from this decline rule; other questions require separate evidence.
account-00513,Fictional Account 00513,owner-14,7679.97,7635.96,9531.62,9531.62,-44.01,no_decline_signal,,No action from this decline rule; other questions require separate evidence.
account-00514,Fictional Account 00514,owner-15,55183.46,55503.70,68845.56,68845.56,320.24,no_decline_signal,,No action from this decline rule; other questions require separate evidence.
account-00515,Fictional Account 00515,owner-16,494083.81,495052.23,609618.80,609618.80,968.42,no_decline_signal,,No action from this decline rule; other questions require separate evidence.
account-00516,Fictional Account 00516,owner-17,20995.44,20514.22,25929.12,25929.12,-481.22,no_decline_signal,,No action from this decline rule; other questions require separate evidence.
account-00517,Fictional Account 00517,owner-18,1254657.54,1236280.82,1564165.75,1564165.75,-18376.72,no_decline_signal,,No action from this decline rule; other questions require separate evidence.
account-00518,Fictional Account 00518,owner-19,3250.39,3218.07,4081.70,4081.70,-32.32,no_decline_signal,,No action from this decline rule; other questions require separate evidence.
account-00519,Fictional Account 00519,owner-20,67021.23,68458.32,83942.04,83942.04,1437.09,no_decline_signal,,No action from this decline rule; other questions require separate evidence.
account-00520,Fictional Account 00520,owner-21,17679.38,18308.93,22373.82,22373.82,629.55,no_decline_signal,,No action from this decline rule; other questions require separate evidence.
account-00521,Fictional Account 00521,owner-22,512173.18,529332.49,647730.16,647730.16,17159.31,no_decline_signal,,No action from this decline rule; other questions require separate evidence.
account-00522,Fictional Account 00522,owner-23,265786.80,265223.58,330745.17,330745.17,-563.22,no_decline_signal,,No action from this decline rule; other questions require separate evidence.
account-00523,Fictional Account 00523,owner-24,18756.55,19173.12,23515.24,23515.24,416.57,no_decline_signal,,No action from this decline rule; other questions require separate evidence.
account-00524,Fictional Account 00524,owner-25,44917.01,44925.32,56021.42,56021.42,8.31,no_decline_signal,,No action from this decline rule; other questions require separate evidence.
account-00525,Fictional Account 00525,owner-26,28053.29,28340.43,35235.76,35235.76,287.14,no_decline_signal,,No action from this decline rule; other questions require separate evidence.
account-00526,Fictional Account 00526,owner-27,67080.34,67437.47,84687.61,84687.61,357.13,no_decline_signal,,No action from this decline rule; other questions require separate evidence.
account-00527,Fictional Account 00527,owner-28,1041033.49,1019749.62,1272088.37,1272088.37,-21283.87,no_decline_signal,,No action from this decline rule; other questions require separate evidence.
account-00528,Fictional Account 00528,owner-29,35680.71,35122.59,44154.32,44154.32,-558.12,no_decline_signal,,No action from this decline rule; other questions require separate evidence.
account-00529,Fictional Account 00529,owner-30,47208.23,48064.03,59761.59,59761.59,855.80,no_decline_signal,,No action from this decline rule; other questions require separate evidence.
account-00530,Fictional Account 00530,owner-31,24484.89,24548.38,30533.30,30533.30,63.49,no_decline_signal,,No action from this decline rule; other questions require separate evidence.
account-00531,Fictional Account 00531,owner-32,124721.87,120023.21,152271.77,152271.77,-4698.66,no_decline_signal,,No action from this decline rule; other questions require separate evidence.
account-00532,Fictional Account 00532,owner-33,87931.36,88277.88,109859.26,109859.26,346.52,no_decline_signal,,No action from this decline rule; other questions require separate evidence.
account-00533,Fictional Account 00533,owner-34,44884.64,44466.89,56321.44,56321.44,-417.75,no_decline_signal,,No action from this decline rule; other questions require separate evidence.
account-00534,Fictional Account 00534,owner-35,236328.03,237855.93,297749.55,297749.55,1527.90,no_decline_signal,,No action from this decline rule; other questions require separate evidence.
account-00535,Fictional Account 00535,owner-36,392035.02,381511.21,480852.61,480852.61,-10523.81,no_decline_signal,,No action from this decline rule; other questions require separate evidence.
account-00536,Fictional Account 00536,owner-37,1053565.71,1073201.95,1341272.52,1341272.52,19636.24,no_decline_signal,,No action from this decline rule; other questions require separate evidence.
account-00537,Fictional Account 00537,owner-38,48193.30,49184.47,61075.77,61075.77,991.17,no_decline_signal,,No action from this decline rule; other questions require separate evidence.
account-00538,Fictional Account 00538,owner-39,145475.57,145858.07,180911.50,180911.50,382.50,no_decline_signal,,No action from this decline rule; other questions require separate evidence.
account-00539,Fictional Account 00539,owner-40,57666.61,57223.69,71110.06,71110.06,-442.92,no_decline_signal,,No action from this decline rule; other questions require separate evidence.
account-00540,Fictional Account 00540,owner-41,468647.69,456695.39,579083.96,579083.96,-11952.30,no_decline_signal,,No action from this decline rule; other questions require separate evidence.
account-00541,Fictional Account 00541,owner-42,65348.67,65166.44,82183.64,82183.64,-182.23,no_decline_signal,,No action from this decline rule; other questions require separate evidence.
account-00542,Fictional Account 00542,owner-43,2891428.45,2944237.25,3649898.14,3649898.14,52808.80,no_decline_signal,,No action from this decline rule; other questions require separate evidence.
account-00543,Fictional Account 00543,owner-44,91008.44,88608.93,111205.99,111205.99,-2399.51,no_decline_signal,,No action from this decline rule; other questions require separate evidence.
account-00544,Fictional Account 00544,owner-45,169583.83,171845.31,214619.65,214619.65,2261.48,no_decline_signal,,No action from this decline rule; other questions require separate evidence.
account-00545,Fictional Account 00545,owner-46,14526.25,14027.44,17880.66,17880.66,-498.81,no_decline_signal,,No action from this decline rule; other questions require separate evidence.
account-00546,Fictional Account 00546,owner-47,315409.38,308961.94,392316.96,392316.96,-6447.44,no_decline_signal,,No action from this decline rule; other questions require separate evidence.
account-00547,Fictional Account 00547,owner-48,16794.89,16420.84,20780.76,20780.76,-374.05,no_decline_signal,,No action from this decline rule; other questions require separate evidence.
account-00548,Fictional Account 00548,owner-49,398825.71,402985.82,502082.56,502082.56,4160.11,no_decline_signal,,No action from this decline rule; other questions require separate evidence.
account-00549,Fictional Account 00549,owner-50,872904.48,884767.56,1077903.19,1077903.19,11863.08,no_decline_signal,,No action from this decline rule; other questions require separate evidence.
account-00550,Fictional Account 00550,owner-1,70393.45,69545.33,88136.65,88136.65,-848.12,no_decline_signal,,No action from this decline rule; other questions require separate evidence.
account-00551,Fictional Account 00551,owner-2,98462.37,98865.95,123042.85,123042.85,403.58,no_decline_signal,,No action from this decline rule; other questions require separate evidence.
account-00552,Fictional Account 00552,owner-3,143941.83,143400.42,180821.06,180821.06,-541.41,no_decline_signal,,No action from this decline rule; other questions require separate evidence.
account-00553,Fictional Account 00553,owner-4,336635.30,333034.85,422872.24,422872.24,-3600.45,no_decline_signal,,No action from this decline rule; other questions require separate evidence.
account-00554,Fictional Account 00554,owner-5,90888.66,90738.93,113918.42,113918.42,-149.73,no_decline_signal,,No action from this decline rule; other questions require separate evidence.
account-00555,Fictional Account 00555,owner-6,21811.47,22044.02,27385.61,27385.61,232.55,no_decline_signal,,No action from this decline rule; other questions require separate evidence.
account-00556,Fictional Account 00556,owner-7,41440.99,41442.18,51948.19,51948.19,1.19,no_decline_signal,,No action from this decline rule; other questions require separate evidence.
account-00557,Fictional Account 00557,owner-8,50947.60,51060.09,64339.87,64339.87,112.49,no_decline_signal,,No action from this decline rule; other questions require separate evidence.
account-00558,Fictional Account 00558,owner-9,333731.67,338362.59,417307.66,417307.66,4630.92,no_decline_signal,,No action from this decline rule; other questions require separate evidence.
account-00559,Fictional Account 00559,owner-10,3772.36,3773.32,4694.06,4694.06,0.96,no_decline_signal,,No action from this decline rule; other questions require separate evidence.
account-00560,Fictional Account 00560,owner-11,13162.69,13236.15,16357.60,16357.60,73.46,no_decline_signal,,No action from this decline rule; other questions require separate evidence.
account-00561,Fictional Account 00561,owner-12,7521.05,7460.50,9213.40,9213.40,-60.55,no_decline_signal,,No action from this decline rule; other questions require separate evidence.
account-00562,Fictional Account 00562,owner-13,44288.75,44460.08,54911.50,54911.50,171.33,no_decline_signal,,No action from this decline rule; other questions require separate evidence.
account-00563,Fictional Account 00563,owner-14,117116.85,117352.91,148601.74,148601.74,236.06,no_decline_signal,,No action from this decline rule; other questions require separate evidence.
account-00564,Fictional Account 00564,owner-15,19143.54,19140.53,23877.56,23877.56,-3.01,no_decline_signal,,No action from this decline rule; other questions require separate evidence.
account-00565,Fictional Account 00565,owner-16,115775.39,115754.04,143646.02,143646.02,-21.35,no_decline_signal,,No action from this decline rule; other questions require separate evidence.
account-00566,Fictional Account 00566,owner-17,35700.86,35929.41,45347.12,45347.12,228.55,no_decline_signal,,No action from this decline rule; other questions require separate evidence.
account-00567,Fictional Account 00567,owner-18,37326.07,36625.20,46354.35,46354.35,-700.87,no_decline_signal,,No action from this decline rule; other questions require separate evidence.
account-00568,Fictional Account 00568,owner-19,256596.09,256500.49,321724.06,321724.06,-95.60,no_decline_signal,,No action from this decline rule; other questions require separate evidence.
account-00569,Fictional Account 00569,owner-20,39470.95,40424.17,49383.81,49383.81,953.22,no_decline_signal,,No action from this decline rule; other questions require separate evidence.
account-00570,Fictional Account 00570,owner-21,33499.47,33805.66,41861.19,41861.19,306.19,no_decline_signal,,No action from this decline rule; other questions require separate evidence.
account-00571,Fictional Account 00571,owner-22,76215.05,75057.52,93436.14,93436.14,-1157.53,no_decline_signal,,No action from this decline rule; other questions require separate evidence.
account-00572,Fictional Account 00572,owner-23,400054.45,397727.62,502710.95,502710.95,-2326.83,no_decline_signal,,No action from this decline rule; other questions require separate evidence.
account-00573,Fictional Account 00573,owner-24,486621.33,488215.39,609085.89,609085.89,1594.06,no_decline_signal,,No action from this decline rule; other questions require separate evidence.
account-00574,Fictional Account 00574,owner-25,284097.57,283433.72,354190.97,354190.97,-663.85,no_decline_signal,,No action from this decline rule; other questions require separate evidence.
account-00575,Fictional Account 00575,owner-26,49489.67,50130.50,63004.27,63004.27,640.83,no_decline_signal,,No action from this decline rule; other questions require separate evidence.
account-00576,Fictional Account 00576,owner-27,207251.65,205776.29,260269.24,260269.24,-1475.36,no_decline_signal,,No action from this decline rule; other questions require separate evidence.
account-00577,Fictional Account 00577,owner-28,1784985.43,1736986.20,2209327.89,2209327.89,-47999.23,no_decline_signal,,No action from this decline rule; other questions require separate evidence.
account-00578,Fictional Account 00578,owner-29,361194.16,360745.05,446555.06,446555.06,-449.11,no_decline_signal,,No action from this decline rule; other questions require separate evidence.
account-00579,Fictional Account 00579,owner-30,22658.76,22795.70,28322.70,28322.70,136.94,no_decline_signal,,No action from this decline rule; other questions require separate evidence.
account-00580,Fictional Account 00580,owner-31,13802.85,13575.22,17201.24,17201.24,-227.63,no_decline_signal,,No action from this decline rule; other questions require separate evidence.
account-00581,Fictional Account 00581,owner-32,108828.85,109051.10,135040.64,135040.64,222.25,no_decline_signal,,No action from this decline rule; other questions require separate evidence.
account-00582,Fictional Account 00582,owner-33,16687.34,16732.14,20522.04,20522.04,44.80,no_decline_signal,,No action from this decline rule; other questions require separate evidence.
account-00583,Fictional Account 00583,owner-34,102127.44,102480.58,127681.19,127681.19,353.14,no_decline_signal,,No action from this decline rule; other questions require separate evidence.
account-00584,Fictional Account 00584,owner-35,51241.67,51912.10,64114.40,64114.40,670.43,no_decline_signal,,No action from this decline rule; other questions require separate evidence.
account-00585,Fictional Account 00585,owner-36,2920.58,2842.90,3613.12,3613.12,-77.68,no_decline_signal,,No action from this decline rule; other questions require separate evidence.
account-00586,Fictional Account 00586,owner-37,575428.24,574259.78,710004.54,710004.54,-1168.46,no_decline_signal,,No action from this decline rule; other questions require separate evidence.
account-00587,Fictional Account 00587,owner-38,11020.46,10733.47,13751.22,13751.22,-286.99,no_decline_signal,,No action from this decline rule; other questions require separate evidence.
account-00588,Fictional Account 00588,owner-39,26341.63,26630.99,32923.80,32923.80,289.36,no_decline_signal,,No action from this decline rule; other questions require separate evidence.
account-00589,Fictional Account 00589,owner-40,16156.20,15943.73,19947.34,19947.34,-212.47,no_decline_signal,,No action from this decline rule; other questions require separate evidence.
account-00590,Fictional Account 00590,owner-41,13259.69,13095.61,16519.65,16519.65,-164.08,no_decline_signal,,No action from this decline rule; other questions require separate evidence.
account-00591,Fictional Account 00591,owner-42,90157.95,89634.92,111345.36,111345.36,-523.03,no_decline_signal,,No action from this decline rule; other questions require separate evidence.
account-00592,Fictional Account 00592,owner-43,25895.51,25497.03,32313.54,32313.54,-398.48,no_decline_signal,,No action from this decline rule; other questions require separate evidence.
account-00593,Fictional Account 00593,owner-44,77746.32,77159.81,96645.85,96645.85,-586.51,no_decline_signal,,No action from this decline rule; other questions require separate evidence.
account-00594,Fictional Account 00594,owner-45,324118.83,331045.77,413724.50,413724.50,6926.94,no_decline_signal,,No action from this decline rule; other questions require separate evidence.
account-00595,Fictional Account 00595,owner-46,429088.64,427237.97,534436.84,534436.84,-1850.67,no_decline_signal,,No action from this decline rule; other questions require separate evidence.
account-00596,Fictional Account 00596,owner-47,195160.35,195674.81,244649.44,244649.44,514.46,no_decline_signal,,No action from this decline rule; other questions require separate evidence.
account-00597,Fictional Account 00597,owner-48,182666.22,180320.03,226591.26,226591.26,-2346.19,no_decline_signal,,No action from this decline rule; other questions require separate evidence.
account-00598,Fictional Account 00598,owner-49,405151.51,407389.89,508721.36,508721.36,2238.38,no_decline_signal,,No action from this decline rule; other questions require separate evidence.
account-00599,Fictional Account 00599,owner-50,41575.48,41641.99,52905.79,52905.79,66.51,no_decline_signal,,No action from this decline rule; other questions require separate evidence.
account-00600,Fictional Account 00600,owner-1,74858.72,74529.01,94589.60,94589.60,-329.71,no_decline_signal,,No action from this decline rule; other questions require separate evidence.
account-00601,Fictional Account 00601,owner-2,60249.73,61958.20,76583.50,76583.50,1708.47,no_decline_signal,,No action from this decline rule; other questions require separate evidence.
account-00602,Fictional Account 00602,owner-3,151956.36,149319.71,188793.85,188793.85,-2636.65,no_decline_signal,,No action from this decline rule; other questions require separate evidence.
account-00603,Fictional Account 00603,owner-4,56687.42,56676.90,70934.29,70934.29,-10.52,no_decline_signal,,No action from this decline rule; other questions require separate evidence.
account-00604,Fictional Account 00604,owner-5,10997.78,11485.34,13828.85,13828.85,487.56,no_decline_signal,,No action from this decline rule; other questions require separate evidence.
account-00605,Fictional Account 00605,owner-6,13712.72,14158.75,17299.31,17299.31,446.03,no_decline_signal,,No action from this decline rule; other questions require separate evidence.
account-00606,Fictional Account 00606,owner-7,35449.32,36195.98,44840.11,44840.11,746.66,no_decline_signal,,No action from this decline rule; other questions require separate evidence.
account-00607,Fictional Account 00607,owner-8,31801.28,31465.13,40071.01,40071.01,-336.15,no_decline_signal,,No action from this decline rule; other questions require separate evidence.
account-00608,Fictional Account 00608,owner-9,34103.25,35053.23,43270.71,43270.71,949.98,no_decline_signal,,No action from this decline rule; other questions require separate evidence.
account-00609,Fictional Account 00609,owner-10,18050.35,17728.25,22227.94,22227.94,-322.10,no_decline_signal,,No action from this decline rule; other questions require separate evidence.
account-00610,Fictional Account 00610,owner-11,35593.30,34825.54,44167.97,44167.97,-767.76,no_decline_signal,,No action from this decline rule; other questions require separate evidence.
account-00611,Fictional Account 00611,owner-12,20610.91,20900.90,26077.31,26077.31,289.99,no_decline_signal,,No action from this decline rule; other questions require separate evidence.
account-00612,Fictional Account 00612,owner-13,101900.11,104526.62,128247.21,128247.21,2626.51,no_decline_signal,,No action from this decline rule; other questions require separate evidence.
account-00613,Fictional Account 00613,owner-14,296344.78,299369.67,369659.99,369659.99,3024.89,no_decline_signal,,No action from this decline rule; other questions require separate evidence.
account-00614,Fictional Account 00614,owner-15,81146.37,83894.07,103408.06,103408.06,2747.70,no_decline_signal,,No action from this decline rule; other questions require separate evidence.
account-00615,Fictional Account 00615,owner-16,766787.91,772599.96,972376.02,972376.02,5812.05,no_decline_signal,,No action from this decline rule; other questions require separate evidence.
account-00616,Fictional Account 00616,owner-17,51315.25,51744.75,64353.66,64353.66,429.50,no_decline_signal,,No action from this decline rule; other questions require separate evidence.
account-00617,Fictional Account 00617,owner-18,67635.73,69191.94,85748.81,85748.81,1556.21,no_decline_signal,,No action from this decline rule; other questions require separate evidence.
account-00618,Fictional Account 00618,owner-19,161319.40,162877.94,202936.44,202936.44,1558.54,no_decline_signal,,No action from this decline rule; other questions require separate evidence.
account-00619,Fictional Account 00619,owner-20,143208.72,144062.34,177839.69,177839.69,853.62,no_decline_signal,,No action from this decline rule; other questions require separate evidence.
account-00620,Fictional Account 00620,owner-21,16836.09,17039.72,21135.45,21135.45,203.63,no_decline_signal,,No action from this decline rule; other questions require separate evidence.
account-00621,Fictional Account 00621,owner-22,916346.54,927067.40,1143995.02,1143995.02,10720.86,no_decline_signal,,No action from this decline rule; other questions require separate evidence.
account-00622,Fictional Account 00622,owner-23,43147.14,43184.12,53923.17,53923.17,36.98,no_decline_signal,,No action from this decline rule; other questions require separate evidence.
account-00623,Fictional Account 00623,owner-24,97011.72,96122.87,120019.90,120019.90,-888.85,no_decline_signal,,No action from this decline rule; other questions require separate evidence.
account-00624,Fictional Account 00624,owner-25,88031.44,87595.71,111154.05,111154.05,-435.73,no_decline_signal,,No action from this decline rule; other questions require separate evidence.
account-00625,Fictional Account 00625,owner-26,80873.83,80705.10,100440.90,100440.90,-168.73,no_decline_signal,,No action from this decline rule; other questions require separate evidence.
account-00626,Fictional Account 00626,owner-27,131429.55,128332.40,162373.26,162373.26,-3097.15,no_decline_signal,,No action from this decline rule; other questions require separate evidence.
account-00627,Fictional Account 00627,owner-28,578298.89,579015.42,720639.64,720639.64,716.53,no_decline_signal,,No action from this decline rule; other questions require separate evidence.
account-00628,Fictional Account 00628,owner-29,245191.50,242365.82,302257.76,302257.76,-2825.68,no_decline_signal,,No action from this decline rule; other questions require separate evidence.
account-00629,Fictional Account 00629,owner-30,15720.26,15451.94,19796.00,19796.00,-268.32,no_decline_signal,,No action from this decline rule; other questions require separate evidence.
account-00630,Fictional Account 00630,owner-31,77024.09,76215.25,95899.30,95899.30,-808.84,no_decline_signal,,No action from this decline rule; other questions require separate evidence.
account-00631,Fictional Account 00631,owner-32,19063.22,18775.29,23633.89,23633.89,-287.93,no_decline_signal,,No action from this decline rule; other questions require separate evidence.
account-00632,Fictional Account 00632,owner-33,68094.13,67690.68,84661.71,84661.71,-403.45,no_decline_signal,,No action from this decline rule; other questions require separate evidence.
account-00633,Fictional Account 00633,owner-34,133188.00,136330.52,168589.96,168589.96,3142.52,no_decline_signal,,No action from this decline rule; other questions require separate evidence.
account-00634,Fictional Account 00634,owner-35,24419.21,24700.87,30537.99,30537.99,281.66,no_decline_signal,,No action from this decline rule; other questions require separate evidence.
account-00635,Fictional Account 00635,owner-36,190719.85,188973.08,230879.74,230879.74,-1746.77,no_decline_signal,,No action from this decline rule; other questions require separate evidence.
account-00636,Fictional Account 00636,owner-37,6486.15,6522.57,8255.94,8255.94,36.42,no_decline_signal,,No action from this decline rule; other questions require separate evidence.
account-00637,Fictional Account 00637,owner-38,102018.47,101121.69,127588.72,127588.72,-896.78,no_decline_signal,,No action from this decline rule; other questions require separate evidence.
account-00638,Fictional Account 00638,owner-39,4588.08,4699.59,5852.77,5852.77,111.51,no_decline_signal,,No action from this decline rule; other questions require separate evidence.
account-00639,Fictional Account 00639,owner-40,27022.46,27397.16,33939.57,33939.57,374.70,no_decline_signal,,No action from this decline rule; other questions require separate evidence.
account-00640,Fictional Account 00640,owner-41,1213006.57,1248689.98,1545692.61,1545692.61,35683.41,no_decline_signal,,No action from this decline rule; other questions require separate evidence.
account-00641,Fictional Account 00641,owner-42,10444.67,10551.33,13163.01,13163.01,106.66,no_decline_signal,,No action from this decline rule; other questions require separate evidence.
account-00642,Fictional Account 00642,owner-43,1979360.28,1971372.36,2478520.10,2478520.10,-7987.92,no_decline_signal,,No action from this decline rule; other questions require separate evidence.
account-00643,Fictional Account 00643,owner-44,158494.68,157437.47,196401.24,196401.24,-1057.21,no_decline_signal,,No action from this decline rule; other questions require separate evidence.
account-00644,Fictional Account 00644,owner-45,99881.71,100841.55,124238.10,124238.10,959.84,no_decline_signal,,No action from this decline rule; other questions require separate evidence.
account-00645,Fictional Account 00645,owner-46,187498.78,184985.28,229572.14,229572.14,-2513.50,no_decline_signal,,No action from this decline rule; other questions require separate evidence.
account-00646,Fictional Account 00646,owner-47,214079.93,214000.12,268605.26,268605.26,-79.81,no_decline_signal,,No action from this decline rule; other questions require separate evidence.
account-00647,Fictional Account 00647,owner-48,124561.65,123968.26,154982.52,154982.52,-593.39,no_decline_signal,,No action from this decline rule; other questions require separate evidence.
account-00648,Fictional Account 00648,owner-49,12589.26,12723.88,15789.62,15789.62,134.62,no_decline_signal,,No action from this decline rule; other questions require separate evidence.
account-00649,Fictional Account 00649,owner-50,4242.75,4170.15,5285.42,5285.42,-72.60,no_decline_signal,,No action from this decline rule; other questions require separate evidence.
account-00650,Fictional Account 00650,owner-1,26820.10,27789.32,34405.42,34405.42,969.22,no_decline_signal,,No action from this decline rule; other questions require separate evidence.
account-00651,Fictional Account 00651,owner-2,145366.33,147541.03,183144.29,183144.29,2174.70,no_decline_signal,,No action from this decline rule; other questions require separate evidence.
account-00652,Fictional Account 00652,owner-3,24007.80,24232.85,29611.26,29611.26,225.05,no_decline_signal,,No action from this decline rule; other questions require separate evidence.
account-00653,Fictional Account 00653,owner-4,20212.73,19809.04,25285.82,25285.82,-403.69,no_decline_signal,,No action from this decline rule; other questions require separate evidence.
account-00654,Fictional Account 00654,owner-5,85095.41,85090.58,105490.70,105490.70,-4.83,no_decline_signal,,No action from this decline rule; other questions require separate evidence.
account-00655,Fictional Account 00655,owner-6,41046.12,41192.24,51148.37,51148.37,146.12,no_decline_signal,,No action from this decline rule; other questions require separate evidence.
account-00656,Fictional Account 00656,owner-7,934838.33,948549.74,1177378.30,1177378.30,13711.41,no_decline_signal,,No action from this decline rule; other questions require separate evidence.
account-00657,Fictional Account 00657,owner-8,257721.87,258381.98,319111.66,319111.66,660.11,no_decline_signal,,No action from this decline rule; other questions require separate evidence.
account-00658,Fictional Account 00658,owner-9,107978.57,110150.76,136151.89,136151.89,2172.19,no_decline_signal,,No action from this decline rule; other questions require separate evidence.
account-00659,Fictional Account 00659,owner-10,17176.77,17522.59,21912.31,21912.31,345.82,no_decline_signal,,No action from this decline rule; other questions require separate evidence.
account-00660,Fictional Account 00660,owner-11,37170.70,36318.96,46090.10,46090.10,-851.74,no_decline_signal,,No action from this decline rule; other questions require separate evidence.
account-00661,Fictional Account 00661,owner-12,5959.75,5959.66,7461.51,7461.51,-0.09,no_decline_signal,,No action from this decline rule; other questions require separate evidence.
account-00662,Fictional Account 00662,owner-13,37477.20,37802.64,46530.12,46530.12,325.44,no_decline_signal,,No action from this decline rule; other questions require separate evidence.
account-00663,Fictional Account 00663,owner-14,39654.70,39104.09,49363.86,49363.86,-550.61,no_decline_signal,,No action from this decline rule; other questions require separate evidence.
account-00664,Fictional Account 00664,owner-15,160462.93,161425.05,199495.66,199495.66,962.12,no_decline_signal,,No action from this decline rule; other questions require separate evidence.
account-00665,Fictional Account 00665,owner-16,35966.76,35640.36,44976.47,44976.47,-326.40,no_decline_signal,,No action from this decline rule; other questions require separate evidence.
account-00666,Fictional Account 00666,owner-17,180321.18,176866.36,222769.61,222769.61,-3454.82,no_decline_signal,,No action from this decline rule; other questions require separate evidence.
account-00667,Fictional Account 00667,owner-18,61304.15,61782.59,78544.41,78544.41,478.44,no_decline_signal,,No action from this decline rule; other questions require separate evidence.
account-00668,Fictional Account 00668,owner-19,71987.78,72332.95,89623.66,89623.66,345.17,no_decline_signal,,No action from this decline rule; other questions require separate evidence.
account-00669,Fictional Account 00669,owner-20,335227.37,337340.40,422121.77,422121.77,2113.03,no_decline_signal,,No action from this decline rule; other questions require separate evidence.
account-00670,Fictional Account 00670,owner-21,135775.56,139857.35,172124.26,172124.26,4081.79,no_decline_signal,,No action from this decline rule; other questions require separate evidence.
account-00671,Fictional Account 00671,owner-22,155216.95,160063.66,197067.29,197067.29,4846.71,no_decline_signal,,No action from this decline rule; other questions require separate evidence.
account-00672,Fictional Account 00672,owner-23,10352.83,10515.36,12881.82,12881.82,162.53,no_decline_signal,,No action from this decline rule; other questions require separate evidence.
account-00673,Fictional Account 00673,owner-24,95345.65,96481.02,119547.54,119547.54,1135.37,no_decline_signal,,No action from this decline rule; other questions require separate evidence.
account-00674,Fictional Account 00674,owner-25,10718.98,10844.11,13467.65,13467.65,125.13,no_decline_signal,,No action from this decline rule; other questions require separate evidence.
account-00675,Fictional Account 00675,owner-26,140572.51,143574.40,178562.44,178562.44,3001.89,no_decline_signal,,No action from this decline rule; other questions require separate evidence.
account-00676,Fictional Account 00676,owner-27,478182.25,477439.53,596220.24,596220.24,-742.72,no_decline_signal,,No action from this decline rule; other questions require separate evidence.
account-00677,Fictional Account 00677,owner-28,1927.68,1897.43,2400.79,2400.79,-30.25,no_decline_signal,,No action from this decline rule; other questions require separate evidence.
account-00678,Fictional Account 00678,owner-29,497220.89,500519.32,618012.29,618012.29,3298.43,no_decline_signal,,No action from this decline rule; other questions require separate evidence.
account-00679,Fictional Account 00679,owner-30,21024.03,20637.17,26140.80,26140.80,-386.86,no_decline_signal,,No action from this decline rule; other questions require separate evidence.
account-00680,Fictional Account 00680,owner-31,115158.33,113767.54,144528.09,144528.09,-1390.79,no_decline_signal,,No action from this decline rule; other questions require separate evidence.
account-00681,Fictional Account 00681,owner-32,279102.53,277201.62,347968.46,347968.46,-1900.91,no_decline_signal,,No action from this decline rule; other questions require separate evidence.
account-00682,Fictional Account 00682,owner-33,253647.30,254070.15,316241.45,316241.45,422.85,no_decline_signal,,No action from this decline rule; other questions require separate evidence.
account-00683,Fictional Account 00683,owner-34,44987.73,44775.19,56702.10,56702.10,-212.54,no_decline_signal,,No action from this decline rule; other questions require separate evidence.
account-00684,Fictional Account 00684,owner-35,96720.99,94669.80,119492.94,119492.94,-2051.19,no_decline_signal,,No action from this decline rule; other questions require separate evidence.
account-00685,Fictional Account 00685,owner-36,68207.09,70600.82,86586.15,86586.15,2393.73,no_decline_signal,,No action from this decline rule; other questions require separate evidence.
account-00686,Fictional Account 00686,owner-37,23317.51,23727.46,29163.54,29163.54,409.95,no_decline_signal,,No action from this decline rule; other questions require separate evidence.
account-00687,Fictional Account 00687,owner-38,66823.89,65717.65,83158.04,83158.04,-1106.24,no_decline_signal,,No action from this decline rule; other questions require separate evidence.
account-00688,Fictional Account 00688,owner-39,3546.61,3571.11,4469.01,4469.01,24.50,no_decline_signal,,No action from this decline rule; other questions require separate evidence.
account-00689,Fictional Account 00689,owner-40,431144.46,435346.01,541436.70,541436.70,4201.55,no_decline_signal,,No action from this decline rule; other questions require separate evidence.
account-00690,Fictional Account 00690,owner-41,170580.44,172052.93,214020.52,214020.52,1472.49,no_decline_signal,,No action from this decline rule; other questions require separate evidence.
account-00691,Fictional Account 00691,owner-42,430817.05,438334.12,544039.44,544039.44,7517.07,no_decline_signal,,No action from this decline rule; other questions require separate evidence.
account-00692,Fictional Account 00692,owner-43,30262.85,30280.77,37308.39,37308.39,17.92,no_decline_signal,,No action from this decline rule; other questions require separate evidence.
account-00693,Fictional Account 00693,owner-44,41787.21,42405.56,52427.27,52427.27,618.35,no_decline_signal,,No action from this decline rule; other questions require separate evidence.
account-00694,Fictional Account 00694,owner-45,34146.67,33957.59,42857.22,42857.22,-189.08,no_decline_signal,,No action from this decline rule; other questions require separate evidence.
account-00695,Fictional Account 00695,owner-46,12147.10,12065.24,15240.75,15240.75,-81.86,no_decline_signal,,No action from this decline rule; other questions require separate evidence.
account-00696,Fictional Account 00696,owner-47,128668.91,127979.02,162714.37,162714.37,-689.89,no_decline_signal,,No action from this decline rule; other questions require separate evidence.
account-00697,Fictional Account 00697,owner-48,18445.74,18476.80,23239.44,23239.44,31.06,no_decline_signal,,No action from this decline rule; other questions require separate evidence.
account-00698,Fictional Account 00698,owner-49,47819.90,46415.83,58782.29,58782.29,-1404.07,no_decline_signal,,No action from this decline rule; other questions require separate evidence.
account-00699,Fictional Account 00699,owner-50,43993.49,43058.25,55255.55,55255.55,-935.24,no_decline_signal,,No action from this decline rule; other questions require separate evidence.
account-00700,Fictional Account 00700,owner-1,352419.99,350412.98,437934.91,437934.91,-2007.01,no_decline_signal,,No action from this decline rule; other questions require separate evidence.
account-00701,Fictional Account 00701,owner-2,114859.80,112691.97,139885.76,139885.76,-2167.83,no_decline_signal,,No action from this decline rule; other questions require separate evidence.
account-00702,Fictional Account 00702,owner-3,24903.58,25022.34,31487.12,31487.12,118.76,no_decline_signal,,No action from this decline rule; other questions require separate evidence.
account-00703,Fictional Account 00703,owner-4,384282.57,387053.63,483002.87,483002.87,2771.06,no_decline_signal,,No action from this decline rule; other questions require separate evidence.
account-00704,Fictional Account 00704,owner-5,48605.45,47675.57,59303.86,59303.86,-929.88,no_decline_signal,,No action from this decline rule; other questions require separate evidence.
account-00705,Fictional Account 00705,owner-6,65649.83,65126.28,81513.81,81513.81,-523.55,no_decline_signal,,No action from this decline rule; other questions require separate evidence.
account-00706,Fictional Account 00706,owner-7,132034.16,132417.85,164572.52,164572.52,383.69,no_decline_signal,,No action from this decline rule; other questions require separate evidence.
account-00707,Fictional Account 00707,owner-8,5469.35,5472.37,6776.49,6776.49,3.02,no_decline_signal,,No action from this decline rule; other questions require separate evidence.
account-00708,Fictional Account 00708,owner-9,48602.18,48463.51,60370.66,60370.66,-138.67,no_decline_signal,,No action from this decline rule; other questions require separate evidence.
account-00709,Fictional Account 00709,owner-10,6327.29,6409.70,7941.15,7941.15,82.41,no_decline_signal,,No action from this decline rule; other questions require separate evidence.
account-00710,Fictional Account 00710,owner-11,6288.06,6313.07,7925.19,7925.19,25.01,no_decline_signal,,No action from this decline rule; other questions require separate evidence.
account-00711,Fictional Account 00711,owner-12,79126.18,79955.24,99100.26,99100.26,829.06,no_decline_signal,,No action from this decline rule; other questions require separate evidence.
account-00712,Fictional Account 00712,owner-13,20045.67,20421.43,25078.97,25078.97,375.76,no_decline_signal,,No action from this decline rule; other questions require separate evidence.
account-00713,Fictional Account 00713,owner-14,81332.48,80977.89,101729.60,101729.60,-354.59,no_decline_signal,,No action from this decline rule; other questions require separate evidence.
account-00714,Fictional Account 00714,owner-15,12396.02,12681.54,15556.59,15556.59,285.52,no_decline_signal,,No action from this decline rule; other questions require separate evidence.
account-00715,Fictional Account 00715,owner-16,8997.42,8898.99,11169.90,11169.90,-98.43,no_decline_signal,,No action from this decline rule; other questions require separate evidence.
account-00716,Fictional Account 00716,owner-17,327155.35,332240.80,410116.00,410116.00,5085.45,no_decline_signal,,No action from this decline rule; other questions require separate evidence.
account-00717,Fictional Account 00717,owner-18,81642.17,81903.52,102089.19,102089.19,261.35,no_decline_signal,,No action from this decline rule; other questions require separate evidence.
account-00718,Fictional Account 00718,owner-19,9200.46,9283.98,11544.61,11544.61,83.52,no_decline_signal,,No action from this decline rule; other questions require separate evidence.
account-00719,Fictional Account 00719,owner-20,1354476.68,1365413.69,1664326.79,1664326.79,10937.01,no_decline_signal,,No action from this decline rule; other questions require separate evidence.
account-00720,Fictional Account 00720,owner-21,17775.87,17565.67,22293.74,22293.74,-210.20,no_decline_signal,,No action from this decline rule; other questions require separate evidence.
account-00721,Fictional Account 00721,owner-22,342306.59,341501.23,429694.09,429694.09,-805.36,no_decline_signal,,No action from this decline rule; other questions require separate evidence.
account-00722,Fictional Account 00722,owner-23,12827.09,12843.66,16086.07,16086.07,16.57,no_decline_signal,,No action from this decline rule; other questions require separate evidence.
account-00723,Fictional Account 00723,owner-24,27514.43,27489.01,34743.94,34743.94,-25.42,no_decline_signal,,No action from this decline rule; other questions require separate evidence.
account-00724,Fictional Account 00724,owner-25,145356.31,146801.15,183226.61,183226.61,1444.84,no_decline_signal,,No action from this decline rule; other questions require separate evidence.
account-00725,Fictional Account 00725,owner-26,599767.57,595683.45,747616.17,747616.17,-4084.12,no_decline_signal,,No action from this decline rule; other questions require separate evidence.
account-00726,Fictional Account 00726,owner-27,28171.51,27433.75,34969.62,34969.62,-737.76,no_decline_signal,,No action from this decline rule; other questions require separate evidence.
account-00727,Fictional Account 00727,owner-28,189212.38,191095.17,236701.50,236701.50,1882.79,no_decline_signal,,No action from this decline rule; other questions require separate evidence.
account-00728,Fictional Account 00728,owner-29,142092.60,138208.89,175710.57,175710.57,-3883.71,no_decline_signal,,No action from this decline rule; other questions require separate evidence.
account-00729,Fictional Account 00729,owner-30,12623.22,12658.22,16040.01,16040.01,35.00,no_decline_signal,,No action from this decline rule; other questions require separate evidence.
account-00730,Fictional Account 00730,owner-31,102228.25,100159.92,125941.20,125941.20,-2068.33,no_decline_signal,,No action from this decline rule; other questions require separate evidence.
account-00731,Fictional Account 00731,owner-32,13429.15,13256.31,16654.61,16654.61,-172.84,no_decline_signal,,No action from this decline rule; other questions require separate evidence.
account-00732,Fictional Account 00732,owner-33,203784.06,200762.11,255478.30,255478.30,-3021.95,no_decline_signal,,No action from this decline rule; other questions require separate evidence.
account-00733,Fictional Account 00733,owner-34,121599.26,122485.65,152673.01,152673.01,886.39,no_decline_signal,,No action from this decline rule; other questions require separate evidence.
account-00734,Fictional Account 00734,owner-35,28784.69,28531.16,35494.62,35494.62,-253.53,no_decline_signal,,No action from this decline rule; other questions require separate evidence.
account-00735,Fictional Account 00735,owner-36,148545.19,148663.04,184158.24,184158.24,117.85,no_decline_signal,,No action from this decline rule; other questions require separate evidence.
account-00736,Fictional Account 00736,owner-37,297004.96,300778.59,377797.49,377797.49,3773.63,no_decline_signal,,No action from this decline rule; other questions require separate evidence.
account-00737,Fictional Account 00737,owner-38,180253.40,178943.35,223887.09,223887.09,-1310.05,no_decline_signal,,No action from this decline rule; other questions require separate evidence.
account-00738,Fictional Account 00738,owner-39,56248.15,55206.69,69035.05,69035.05,-1041.46,no_decline_signal,,No action from this decline rule; other questions require separate evidence.
account-00739,Fictional Account 00739,owner-40,7652.41,7661.18,9605.75,9605.75,8.77,no_decline_signal,,No action from this decline rule; other questions require separate evidence.
account-00740,Fictional Account 00740,owner-41,4027.20,4014.19,5049.52,5049.52,-13.01,no_decline_signal,,No action from this decline rule; other questions require separate evidence.
account-00741,Fictional Account 00741,owner-42,184991.66,183259.92,229935.51,229935.51,-1731.74,no_decline_signal,,No action from this decline rule; other questions require separate evidence.
account-00742,Fictional Account 00742,owner-43,166289.45,163645.07,206963.05,206963.05,-2644.38,no_decline_signal,,No action from this decline rule; other questions require separate evidence.
account-00743,Fictional Account 00743,owner-44,39724.07,40593.74,49509.39,49509.39,869.67,no_decline_signal,,No action from this decline rule; other questions require separate evidence.
account-00744,Fictional Account 00744,owner-45,5195.91,5164.29,6432.79,6432.79,-31.62,no_decline_signal,,No action from this decline rule; other questions require separate evidence.
account-00745,Fictional Account 00745,owner-46,27280.02,27278.84,34359.22,34359.22,-1.18,no_decline_signal,,No action from this decline rule; other questions require separate evidence.
account-00746,Fictional Account 00746,owner-47,135736.11,136174.19,168866.81,168866.81,438.08,no_decline_signal,,No action from this decline rule; other questions require separate evidence.
account-00747,Fictional Account 00747,owner-48,51086.55,50789.60,63841.82,63841.82,-296.95,no_decline_signal,,No action from this decline rule; other questions require separate evidence.
account-00748,Fictional Account 00748,owner-49,226058.09,226748.29,282205.77,282205.77,690.20,no_decline_signal,,No action from this decline rule; other questions require separate evidence.
account-00749,Fictional Account 00749,owner-50,59373.88,59139.08,74440.66,74440.66,-234.80,no_decline_signal,,No action from this decline rule; other questions require separate evidence.
account-00750,Fictional Account 00750,owner-1,21365.33,20935.63,26274.64,26274.64,-429.70,no_decline_signal,,No action from this decline rule; other questions require separate evidence.
account-00751,Fictional Account 00751,owner-2,49039.54,49184.54,60994.50,60994.50,145.00,no_decline_signal,,No action from this decline rule; other questions require separate evidence.
account-00752,Fictional Account 00752,owner-3,13395.19,13097.27,16603.09,16603.09,-297.92,no_decline_signal,,No action from this decline rule; other questions require separate evidence.
account-00753,Fictional Account 00753,owner-4,11234508.67,10917942.25,13996746.61,13996746.61,-316566.42,no_decline_signal,,No action from this decline rule; other questions require separate evidence.
account-00754,Fictional Account 00754,owner-5,91918.54,90390.76,113673.77,113673.77,-1527.78,no_decline_signal,,No action from this decline rule; other questions require separate evidence.
account-00755,Fictional Account 00755,owner-6,32701.29,33973.41,41783.35,41783.35,1272.12,no_decline_signal,,No action from this decline rule; other questions require separate evidence.
account-00756,Fictional Account 00756,owner-7,155311.42,157177.48,195781.04,195781.04,1866.06,no_decline_signal,,No action from this decline rule; other questions require separate evidence.
account-00757,Fictional Account 00757,owner-8,12009.43,12392.45,15444.66,15444.66,383.02,no_decline_signal,,No action from this decline rule; other questions require separate evidence.
account-00758,Fictional Account 00758,owner-9,624006.98,631945.26,779574.39,779574.39,7938.28,no_decline_signal,,No action from this decline rule; other questions require separate evidence.
account-00759,Fictional Account 00759,owner-10,2662.49,2651.85,3305.96,3305.96,-10.64,no_decline_signal,,No action from this decline rule; other questions require separate evidence.
account-00760,Fictional Account 00760,owner-11,280984.98,284553.06,354779.04,354779.04,3568.08,no_decline_signal,,No action from this decline rule; other questions require separate evidence.
account-00761,Fictional Account 00761,owner-12,50744.14,50547.06,63869.96,63869.96,-197.08,no_decline_signal,,No action from this decline rule; other questions require separate evidence.
account-00762,Fictional Account 00762,owner-13,13984.15,14363.26,17970.05,17970.05,379.11,no_decline_signal,,No action from this decline rule; other questions require separate evidence.
account-00763,Fictional Account 00763,owner-14,141820.34,136358.12,174177.57,174177.57,-5462.22,no_decline_signal,,No action from this decline rule; other questions require separate evidence.
account-00764,Fictional Account 00764,owner-15,39796.07,39729.14,49629.51,49629.51,-66.93,no_decline_signal,,No action from this decline rule; other questions require separate evidence.
account-00765,Fictional Account 00765,owner-16,46849.90,47275.99,58711.66,58711.66,426.09,no_decline_signal,,No action from this decline rule; other questions require separate evidence.
account-00766,Fictional Account 00766,owner-17,81782.41,81109.63,102380.11,102380.11,-672.78,no_decline_signal,,No action from this decline rule; other questions require separate evidence.
account-00767,Fictional Account 00767,owner-18,47064.57,47451.30,58745.96,58745.96,386.73,no_decline_signal,,No action from this decline rule; other questions require separate evidence.
account-00768,Fictional Account 00768,owner-19,426355.52,423200.64,521836.77,521836.77,-3154.88,no_decline_signal,,No action from this decline rule; other questions require separate evidence.
account-00769,Fictional Account 00769,owner-20,46756.95,45463.78,57789.90,57789.90,-1293.17,no_decline_signal,,No action from this decline rule; other questions require separate evidence.
account-00770,Fictional Account 00770,owner-21,33299.47,32336.12,41400.80,41400.80,-963.35,no_decline_signal,,No action from this decline rule; other questions require separate evidence.
account-00771,Fictional Account 00771,owner-22,107347.39,108382.65,136014.62,136014.62,1035.26,no_decline_signal,,No action from this decline rule; other questions require separate evidence.
account-00772,Fictional Account 00772,owner-23,20519.08,19944.81,25238.22,25238.22,-574.27,no_decline_signal,,No action from this decline rule; other questions require separate evidence.
account-00773,Fictional Account 00773,owner-24,11950.73,12015.83,14991.97,14991.97,65.10,no_decline_signal,,No action from this decline rule; other questions require separate evidence.
account-00774,Fictional Account 00774,owner-25,76554.78,75639.11,95381.44,95381.44,-915.67,no_decline_signal,,No action from this decline rule; other questions require separate evidence.
account-00775,Fictional Account 00775,owner-26,146550.24,143849.50,181919.57,181919.57,-2700.74,no_decline_signal,,No action from this decline rule; other questions require separate evidence.
account-00776,Fictional Account 00776,owner-27,157866.42,158272.18,196147.77,196147.77,405.76,no_decline_signal,,No action from this decline rule; other questions require separate evidence.
account-00777,Fictional Account 00777,owner-28,3681.95,3640.14,4572.75,4572.75,-41.81,no_decline_signal,,No action from this decline rule; other questions require separate evidence.
account-00778,Fictional Account 00778,owner-29,54445.17,53757.60,66772.51,66772.51,-687.57,no_decline_signal,,No action from this decline rule; other questions require separate evidence.
account-00779,Fictional Account 00779,owner-30,103492.55,102765.82,129775.45,129775.45,-726.73,no_decline_signal,,No action from this decline rule; other questions require separate evidence.
account-00780,Fictional Account 00780,owner-31,477492.42,486337.04,601791.61,601791.61,8844.62,no_decline_signal,,No action from this decline rule; other questions require separate evidence.
account-00781,Fictional Account 00781,owner-32,18234.97,18206.69,22904.00,22904.00,-28.28,no_decline_signal,,No action from this decline rule; other questions require separate evidence.
account-00782,Fictional Account 00782,owner-33,7159.80,7264.62,9052.19,9052.19,104.82,no_decline_signal,,No action from this decline rule; other questions require separate evidence.
account-00783,Fictional Account 00783,owner-34,32314.53,32711.11,40824.77,40824.77,396.58,no_decline_signal,,No action from this decline rule; other questions require separate evidence.
account-00784,Fictional Account 00784,owner-35,236986.23,234755.19,293557.25,293557.25,-2231.04,no_decline_signal,,No action from this decline rule; other questions require separate evidence.
account-00785,Fictional Account 00785,owner-36,70118.19,70850.34,88119.85,88119.85,732.15,no_decline_signal,,No action from this decline rule; other questions require separate evidence.
account-00786,Fictional Account 00786,owner-37,774836.80,788454.07,966351.05,966351.05,13617.27,no_decline_signal,,No action from this decline rule; other questions require separate evidence.
account-00787,Fictional Account 00787,owner-38,14617.83,14236.53,17975.44,17975.44,-381.30,no_decline_signal,,No action from this decline rule; other questions require separate evidence.
account-00788,Fictional Account 00788,owner-39,234778.08,229917.88,290086.86,290086.86,-4860.20,no_decline_signal,,No action from this decline rule; other questions require separate evidence.
account-00789,Fictional Account 00789,owner-40,50327.07,50351.48,62796.72,62796.72,24.41,no_decline_signal,,No action from this decline rule; other questions require separate evidence.
account-00790,Fictional Account 00790,owner-41,43455.88,44096.29,54991.51,54991.51,640.41,no_decline_signal,,No action from this decline rule; other questions require separate evidence.
account-00791,Fictional Account 00791,owner-42,1705750.15,1716321.75,2156214.06,2156214.06,10571.60,no_decline_signal,,No action from this decline rule; other questions require separate evidence.
account-00792,Fictional Account 00792,owner-43,1263511.44,1252001.45,1561432.81,1561432.81,-11509.99,no_decline_signal,,No action from this decline rule; other questions require separate evidence.
account-00793,Fictional Account 00793,owner-44,162793.56,159977.46,200332.44,200332.44,-2816.10,no_decline_signal,,No action from this decline rule; other questions require separate evidence.
account-00794,Fictional Account 00794,owner-45,38319.87,38138.77,47870.41,47870.41,-181.10,no_decline_signal,,No action from this decline rule; other questions require separate evidence.
account-00795,Fictional Account 00795,owner-46,14302.89,14119.66,17677.87,17677.87,-183.23,no_decline_signal,,No action from this decline rule; other questions require separate evidence.
account-00796,Fictional Account 00796,owner-47,35285.12,34563.63,43569.26,43569.26,-721.49,no_decline_signal,,No action from this decline rule; other questions require separate evidence.
account-00797,Fictional Account 00797,owner-48,250948.81,253557.43,316142.89,316142.89,2608.62,no_decline_signal,,No action from this decline rule; other questions require separate evidence.
account-00798,Fictional Account 00798,owner-49,8548.84,8246.77,10551.80,10551.80,-302.07,no_decline_signal,,No action from this decline rule; other questions require separate evidence.
account-00799,Fictional Account 00799,owner-50,70584.10,70623.06,89744.27,89744.27,38.96,no_decline_signal,,No action from this decline rule; other questions require separate evidence.
account-00800,Fictional Account 00800,owner-1,813669.89,809839.61,1009487.36,1009487.36,-3830.28,no_decline_signal,,No action from this decline rule; other questions require separate evidence.
account-00801,Fictional Account 00801,owner-2,189532.45,191207.49,236776.89,236776.89,1675.04,no_decline_signal,,No action from this decline rule; other questions require separate evidence.
account-00802,Fictional Account 00802,owner-3,193018.21,190778.48,238122.71,238122.71,-2239.73,no_decline_signal,,No action from this decline rule; other questions require separate evidence.
account-00803,Fictional Account 00803,owner-4,4804.32,4789.57,6089.30,6089.30,-14.75,no_decline_signal,,No action from this decline rule; other questions require separate evidence.
account-00804,Fictional Account 00804,owner-5,13058.32,12974.85,16302.16,16302.16,-83.47,no_decline_signal,,No action from this decline rule; other questions require separate evidence.
account-00805,Fictional Account 00805,owner-6,243543.83,240116.29,304477.67,304477.67,-3427.54,no_decline_signal,,No action from this decline rule; other questions require separate evidence.
account-00806,Fictional Account 00806,owner-7,28091.59,28075.51,35148.61,35148.61,-16.08,no_decline_signal,,No action from this decline rule; other questions require separate evidence.
account-00807,Fictional Account 00807,owner-8,13014.79,13010.17,16236.71,16236.71,-4.62,no_decline_signal,,No action from this decline rule; other questions require separate evidence.
account-00808,Fictional Account 00808,owner-9,540090.20,535789.02,667295.86,667295.86,-4301.18,no_decline_signal,,No action from this decline rule; other questions require separate evidence.
account-00809,Fictional Account 00809,owner-10,73616.86,73839.54,92346.94,92346.94,222.68,no_decline_signal,,No action from this decline rule; other questions require separate evidence.
account-00810,Fictional Account 00810,owner-11,567092.67,563634.09,707067.90,707067.90,-3458.58,no_decline_signal,,No action from this decline rule; other questions require separate evidence.
account-00811,Fictional Account 00811,owner-12,295138.47,302043.56,374579.24,374579.24,6905.09,no_decline_signal,,No action from this decline rule; other questions require separate evidence.
account-00812,Fictional Account 00812,owner-13,4655.77,4683.22,5857.11,5857.11,27.45,no_decline_signal,,No action from this decline rule; other questions require separate evidence.
account-00813,Fictional Account 00813,owner-14,1103932.15,1134368.48,1389242.96,1389242.96,30436.33,no_decline_signal,,No action from this decline rule; other questions require separate evidence.
account-00814,Fictional Account 00814,owner-15,332551.13,337126.21,424518.92,424518.92,4575.08,no_decline_signal,,No action from this decline rule; other questions require separate evidence.
account-00815,Fictional Account 00815,owner-16,184969.74,188425.49,236416.74,236416.74,3455.75,no_decline_signal,,No action from this decline rule; other questions require separate evidence.
account-00816,Fictional Account 00816,owner-17,34705.08,35871.05,44357.25,44357.25,1165.97,no_decline_signal,,No action from this decline rule; other questions require separate evidence.
account-00817,Fictional Account 00817,owner-18,38606.73,38615.59,48430.69,48430.69,8.86,no_decline_signal,,No action from this decline rule; other questions require separate evidence.
account-00818,Fictional Account 00818,owner-19,18058.58,17882.65,22276.94,22276.94,-175.93,no_decline_signal,,No action from this decline rule; other questions require separate evidence.
account-00819,Fictional Account 00819,owner-20,98847.82,97966.48,121637.95,121637.95,-881.34,no_decline_signal,,No action from this decline rule; other questions require separate evidence.
account-00820,Fictional Account 00820,owner-21,11594.84,11845.92,14530.32,14530.32,251.08,no_decline_signal,,No action from this decline rule; other questions require separate evidence.
account-00821,Fictional Account 00821,owner-22,5684.67,5664.99,7084.49,7084.49,-19.68,no_decline_signal,,No action from this decline rule; other questions require separate evidence.
account-00822,Fictional Account 00822,owner-23,36806.20,36120.99,45978.87,45978.87,-685.21,no_decline_signal,,No action from this decline rule; other questions require separate evidence.
account-00823,Fictional Account 00823,owner-24,31318.33,31986.20,39970.77,39970.77,667.87,no_decline_signal,,No action from this decline rule; other questions require separate evidence.
account-00824,Fictional Account 00824,owner-25,96935.41,95092.08,119830.62,119830.62,-1843.33,no_decline_signal,,No action from this decline rule; other questions require separate evidence.
account-00825,Fictional Account 00825,owner-26,53290.00,52971.61,67134.27,67134.27,-318.39,no_decline_signal,,No action from this decline rule; other questions require separate evidence.
account-00826,Fictional Account 00826,owner-27,28306.59,28140.51,34934.62,34934.62,-166.08,no_decline_signal,,No action from this decline rule; other questions require separate evidence.
account-00827,Fictional Account 00827,owner-28,10550.01,10753.52,13132.91,13132.91,203.51,no_decline_signal,,No action from this decline rule; other questions require separate evidence.
account-00828,Fictional Account 00828,owner-29,51291.44,51245.60,64679.79,64679.79,-45.84,no_decline_signal,,No action from this decline rule; other questions require separate evidence.
account-00829,Fictional Account 00829,owner-30,17999.36,17881.71,22380.26,22380.26,-117.65,no_decline_signal,,No action from this decline rule; other questions require separate evidence.
account-00830,Fictional Account 00830,owner-31,13486.29,13683.79,16844.17,16844.17,197.50,no_decline_signal,,No action from this decline rule; other questions require separate evidence.
account-00831,Fictional Account 00831,owner-32,101463.03,104837.15,129432.24,129432.24,3374.12,no_decline_signal,,No action from this decline rule; other questions require separate evidence.
account-00832,Fictional Account 00832,owner-33,17976.23,17984.15,22389.36,22389.36,7.92,no_decline_signal,,No action from this decline rule; other questions require separate evidence.
account-00833,Fictional Account 00833,owner-34,435736.40,425616.93,540569.89,540569.89,-10119.47,no_decline_signal,,No action from this decline rule; other questions require separate evidence.
account-00834,Fictional Account 00834,owner-35,373356.13,370859.22,464849.07,464849.07,-2496.91,no_decline_signal,,No action from this decline rule; other questions require separate evidence.
account-00835,Fictional Account 00835,owner-36,39071.64,40110.42,49587.65,49587.65,1038.78,no_decline_signal,,No action from this decline rule; other questions require separate evidence.
account-00836,Fictional Account 00836,owner-37,24839.85,24958.26,31206.77,31206.77,118.41,no_decline_signal,,No action from this decline rule; other questions require separate evidence.
account-00837,Fictional Account 00837,owner-38,13030.71,13504.39,16506.77,16506.77,473.68,no_decline_signal,,No action from this decline rule; other questions require separate evidence.
account-00838,Fictional Account 00838,owner-39,73120.10,72990.40,90787.97,90787.97,-129.70,no_decline_signal,,No action from this decline rule; other questions require separate evidence.
account-00839,Fictional Account 00839,owner-40,26758.22,26412.04,33141.50,33141.50,-346.18,no_decline_signal,,No action from this decline rule; other questions require separate evidence.
account-00840,Fictional Account 00840,owner-41,296392.47,294066.22,366749.74,366749.74,-2326.25,no_decline_signal,,No action from this decline rule; other questions require separate evidence.
account-00841,Fictional Account 00841,owner-42,7877.67,7896.67,9825.76,9825.76,19.00,no_decline_signal,,No action from this decline rule; other questions require separate evidence.
account-00842,Fictional Account 00842,owner-43,128178.78,130990.51,161645.96,161645.96,2811.73,no_decline_signal,,No action from this decline rule; other questions require separate evidence.
account-00843,Fictional Account 00843,owner-44,216851.53,214177.89,271083.82,271083.82,-2673.64,no_decline_signal,,No action from this decline rule; other questions require separate evidence.
account-00844,Fictional Account 00844,owner-45,659186.45,689999.12,835743.16,835743.16,30812.67,no_decline_signal,,No action from this decline rule; other questions require separate evidence.
account-00845,Fictional Account 00845,owner-46,201448.45,200081.85,249120.06,249120.06,-1366.60,no_decline_signal,,No action from this decline rule; other questions require separate evidence.
account-00846,Fictional Account 00846,owner-47,13565.61,13253.33,16692.34,16692.34,-312.28,no_decline_signal,,No action from this decline rule; other questions require separate evidence.
account-00847,Fictional Account 00847,owner-48,47764.90,48227.88,60107.11,60107.11,462.98,no_decline_signal,,No action from this decline rule; other questions require separate evidence.
account-00848,Fictional Account 00848,owner-49,120976.18,119768.30,150770.06,150770.06,-1207.88,no_decline_signal,,No action from this decline rule; other questions require separate evidence.
account-00849,Fictional Account 00849,owner-50,322623.17,317526.03,402164.42,402164.42,-5097.14,no_decline_signal,,No action from this decline rule; other questions require separate evidence.
account-00850,Fictional Account 00850,owner-1,171401.86,170366.89,214087.16,214087.16,-1034.97,no_decline_signal,,No action from this decline rule; other questions require separate evidence.
account-00851,Fictional Account 00851,owner-2,45695.57,46157.38,57152.97,57152.97,461.81,no_decline_signal,,No action from this decline rule; other questions require separate evidence.
account-00852,Fictional Account 00852,owner-3,129233.68,129977.68,163980.74,163980.74,744.00,no_decline_signal,,No action from this decline rule; other questions require separate evidence.
account-00853,Fictional Account 00853,owner-4,2398.49,2360.40,3016.09,3016.09,-38.09,no_decline_signal,,No action from this decline rule; other questions require separate evidence.
account-00854,Fictional Account 00854,owner-5,99983.54,98781.13,124657.12,124657.12,-1202.41,no_decline_signal,,No action from this decline rule; other questions require separate evidence.
account-00855,Fictional Account 00855,owner-6,143080.45,143793.51,179803.54,179803.54,713.06,no_decline_signal,,No action from this decline rule; other questions require separate evidence.
account-00856,Fictional Account 00856,owner-7,113716.26,114040.19,142436.35,142436.35,323.93,no_decline_signal,,No action from this decline rule; other questions require separate evidence.
account-00857,Fictional Account 00857,owner-8,26729.39,27193.24,33738.04,33738.04,463.85,no_decline_signal,,No action from this decline rule; other questions require separate evidence.
account-00858,Fictional Account 00858,owner-9,629958.97,614314.89,786246.86,786246.86,-15644.08,no_decline_signal,,No action from this decline rule; other questions require separate evidence.
account-00859,Fictional Account 00859,owner-10,81969.80,81480.23,101512.39,101512.39,-489.57,no_decline_signal,,No action from this decline rule; other questions require separate evidence.
account-00860,Fictional Account 00860,owner-11,124569.27,124462.18,156159.99,156159.99,-107.09,no_decline_signal,,No action from this decline rule; other questions require separate evidence.
account-00861,Fictional Account 00861,owner-12,60348.87,60697.41,76243.16,76243.16,348.54,no_decline_signal,,No action from this decline rule; other questions require separate evidence.
account-00862,Fictional Account 00862,owner-13,416174.59,430090.21,526650.95,526650.95,13915.62,no_decline_signal,,No action from this decline rule; other questions require separate evidence.
account-00863,Fictional Account 00863,owner-14,77166.54,77480.51,96054.77,96054.77,313.97,no_decline_signal,,No action from this decline rule; other questions require separate evidence.
account-00864,Fictional Account 00864,owner-15,19658.08,20332.35,25105.22,25105.22,674.27,no_decline_signal,,No action from this decline rule; other questions require separate evidence.
account-00865,Fictional Account 00865,owner-16,64801.61,65293.59,82944.12,82944.12,491.98,no_decline_signal,,No action from this decline rule; other questions require separate evidence.
account-00866,Fictional Account 00866,owner-17,71020.94,70974.58,88165.35,88165.35,-46.36,no_decline_signal,,No action from this decline rule; other questions require separate evidence.
account-00867,Fictional Account 00867,owner-18,45521.36,45333.98,56733.11,56733.11,-187.38,no_decline_signal,,No action from this decline rule; other questions require separate evidence.
account-00868,Fictional Account 00868,owner-19,39921.87,39573.94,49260.54,49260.54,-347.93,no_decline_signal,,No action from this decline rule; other questions require separate evidence.
account-00869,Fictional Account 00869,owner-20,189227.72,189819.14,236298.37,236298.37,591.42,no_decline_signal,,No action from this decline rule; other questions require separate evidence.
account-00870,Fictional Account 00870,owner-21,988915.51,991433.69,1230956.79,1230956.79,2518.18,no_decline_signal,,No action from this decline rule; other questions require separate evidence.
account-00871,Fictional Account 00871,owner-22,133394.64,132161.93,165434.01,165434.01,-1232.71,no_decline_signal,,No action from this decline rule; other questions require separate evidence.
account-00872,Fictional Account 00872,owner-23,28950.98,28594.13,35361.76,35361.76,-356.85,no_decline_signal,,No action from this decline rule; other questions require separate evidence.
account-00873,Fictional Account 00873,owner-24,3070913.82,3135721.20,3908094.75,3908094.75,64807.38,no_decline_signal,,No action from this decline rule; other questions require separate evidence.
account-00874,Fictional Account 00874,owner-25,23927.36,24747.50,30063.39,30063.39,820.14,no_decline_signal,,No action from this decline rule; other questions require separate evidence.
account-00875,Fictional Account 00875,owner-26,8025.02,7970.07,10019.45,10019.45,-54.95,no_decline_signal,,No action from this decline rule; other questions require separate evidence.
account-00876,Fictional Account 00876,owner-27,63645.78,63421.52,80093.86,80093.86,-224.26,no_decline_signal,,No action from this decline rule; other questions require separate evidence.
account-00877,Fictional Account 00877,owner-28,108884.02,111111.47,138227.81,138227.81,2227.45,no_decline_signal,,No action from this decline rule; other questions require separate evidence.
account-00878,Fictional Account 00878,owner-29,112087.73,112412.48,141359.75,141359.75,324.75,no_decline_signal,,No action from this decline rule; other questions require separate evidence.
account-00879,Fictional Account 00879,owner-30,152040.87,153340.58,186129.09,186129.09,1299.71,no_decline_signal,,No action from this decline rule; other questions require separate evidence.
account-00880,Fictional Account 00880,owner-31,2279593.22,2318785.62,2857779.12,2857779.12,39192.40,no_decline_signal,,No action from this decline rule; other questions require separate evidence.
account-00881,Fictional Account 00881,owner-32,243441.57,250174.00,311192.70,311192.70,6732.43,no_decline_signal,,No action from this decline rule; other questions require separate evidence.
account-00882,Fictional Account 00882,owner-33,32833.13,32881.13,41996.57,41996.57,48.00,no_decline_signal,,No action from this decline rule; other questions require separate evidence.
account-00883,Fictional Account 00883,owner-34,93263.83,95851.42,116828.46,116828.46,2587.59,no_decline_signal,,No action from this decline rule; other questions require separate evidence.
account-00884,Fictional Account 00884,owner-35,146484.21,148972.46,182194.32,182194.32,2488.25,no_decline_signal,,No action from this decline rule; other questions require separate evidence.
account-00885,Fictional Account 00885,owner-36,107915.40,106406.28,135156.84,135156.84,-1509.12,no_decline_signal,,No action from this decline rule; other questions require separate evidence.
account-00886,Fictional Account 00886,owner-37,781555.34,773139.74,979210.40,979210.40,-8415.60,no_decline_signal,,No action from this decline rule; other questions require separate evidence.
account-00887,Fictional Account 00887,owner-38,1176721.56,1201833.39,1493734.76,1493734.76,25111.83,no_decline_signal,,No action from this decline rule; other questions require separate evidence.
account-00888,Fictional Account 00888,owner-39,19908.56,19973.18,24804.92,24804.92,64.62,no_decline_signal,,No action from this decline rule; other questions require separate evidence.
account-00889,Fictional Account 00889,owner-40,18309.17,18821.49,23275.84,23275.84,512.32,no_decline_signal,,No action from this decline rule; other questions require separate evidence.
account-00890,Fictional Account 00890,owner-41,5348.37,5200.60,6702.99,6702.99,-147.77,no_decline_signal,,No action from this decline rule; other questions require separate evidence.
account-00891,Fictional Account 00891,owner-42,79536.52,80408.99,100581.67,100581.67,872.47,no_decline_signal,,No action from this decline rule; other questions require separate evidence.
account-00892,Fictional Account 00892,owner-43,17289.91,17240.62,21136.85,21136.85,-49.29,no_decline_signal,,No action from this decline rule; other questions require separate evidence.
account-00893,Fictional Account 00893,owner-44,8291.68,8483.44,10428.67,10428.67,191.76,no_decline_signal,,No action from this decline rule; other questions require separate evidence.
account-00894,Fictional Account 00894,owner-45,308499.17,313977.60,390042.59,390042.59,5478.43,no_decline_signal,,No action from this decline rule; other questions require separate evidence.
account-00895,Fictional Account 00895,owner-46,73474.63,73762.52,92952.09,92952.09,287.89,no_decline_signal,,No action from this decline rule; other questions require separate evidence.
account-00896,Fictional Account 00896,owner-47,32105.66,32629.92,40204.50,40204.50,524.26,no_decline_signal,,No action from this decline rule; other questions require separate evidence.
account-00897,Fictional Account 00897,owner-48,12913.57,12805.14,15973.79,15973.79,-108.43,no_decline_signal,,No action from this decline rule; other questions require separate evidence.
account-00898,Fictional Account 00898,owner-49,78724.26,78542.89,98572.95,98572.95,-181.37,no_decline_signal,,No action from this decline rule; other questions require separate evidence.
account-00899,Fictional Account 00899,owner-50,174438.36,173037.11,216243.86,216243.86,-1401.25,no_decline_signal,,No action from this decline rule; other questions require separate evidence.
account-00900,Fictional Account 00900,owner-1,427693.03,430699.87,530440.96,530440.96,3006.84,no_decline_signal,,No action from this decline rule; other questions require separate evidence.
account-00901,Fictional Account 00901,owner-2,201601.05,199682.07,247656.71,247656.71,-1918.98,no_decline_signal,,No action from this decline rule; other questions require separate evidence.
account-00902,Fictional Account 00902,owner-3,21984.49,22134.11,27387.92,27387.92,149.62,no_decline_signal,,No action from this decline rule; other questions require separate evidence.
account-00903,Fictional Account 00903,owner-4,15710.66,15756.10,19881.47,19881.47,45.44,no_decline_signal,,No action from this decline rule; other questions require separate evidence.
account-00904,Fictional Account 00904,owner-5,1116072.54,1104756.58,1379034.79,1379034.79,-11315.96,no_decline_signal,,No action from this decline rule; other questions require separate evidence.
account-00905,Fictional Account 00905,owner-6,89126.07,88045.03,110762.05,110762.05,-1081.04,no_decline_signal,,No action from this decline rule; other questions require separate evidence.
account-00906,Fictional Account 00906,owner-7,288506.87,286904.56,356745.06,356745.06,-1602.31,no_decline_signal,,No action from this decline rule; other questions require separate evidence.
account-00907,Fictional Account 00907,owner-8,261952.12,263807.72,332036.46,332036.46,1855.60,no_decline_signal,,No action from this decline rule; other questions require separate evidence.
account-00908,Fictional Account 00908,owner-9,2301390.47,2271801.63,2918853.00,2918853.00,-29588.84,no_decline_signal,,No action from this decline rule; other questions require separate evidence.
account-00909,Fictional Account 00909,owner-10,63505.47,63549.49,78611.47,78611.47,44.02,no_decline_signal,,No action from this decline rule; other questions require separate evidence.
account-00910,Fictional Account 00910,owner-11,323973.69,330238.10,409974.67,409974.67,6264.41,no_decline_signal,,No action from this decline rule; other questions require separate evidence.
account-00911,Fictional Account 00911,owner-12,2168.28,2137.32,2683.52,2683.52,-30.96,no_decline_signal,,No action from this decline rule; other questions require separate evidence.
account-00912,Fictional Account 00912,owner-13,108021.86,109724.94,135844.31,135844.31,1703.08,no_decline_signal,,No action from this decline rule; other questions require separate evidence.
account-00913,Fictional Account 00913,owner-14,332582.30,336891.20,419854.47,419854.47,4308.90,no_decline_signal,,No action from this decline rule; other questions require separate evidence.
account-00914,Fictional Account 00914,owner-15,28390.52,27884.31,35322.70,35322.70,-506.21,no_decline_signal,,No action from this decline rule; other questions require separate evidence.
account-00915,Fictional Account 00915,owner-16,29240.13,29664.33,37008.02,37008.02,424.20,no_decline_signal,,No action from this decline rule; other questions require separate evidence.
account-00916,Fictional Account 00916,owner-17,13481.62,13428.32,16717.12,16717.12,-53.30,no_decline_signal,,No action from this decline rule; other questions require separate evidence.
account-00917,Fictional Account 00917,owner-18,22721.43,23147.85,28267.75,28267.75,426.42,no_decline_signal,,No action from this decline rule; other questions require separate evidence.
account-00918,Fictional Account 00918,owner-19,16347.78,16335.49,20691.65,20691.65,-12.29,no_decline_signal,,No action from this decline rule; other questions require separate evidence.
account-00919,Fictional Account 00919,owner-20,37141.30,36046.48,45748.92,45748.92,-1094.82,no_decline_signal,,No action from this decline rule; other questions require separate evidence.
account-00920,Fictional Account 00920,owner-21,128451.32,126529.95,159658.66,159658.66,-1921.37,no_decline_signal,,No action from this decline rule; other questions require separate evidence.
account-00921,Fictional Account 00921,owner-22,221577.14,221868.05,282838.29,282838.29,290.91,no_decline_signal,,No action from this decline rule; other questions require separate evidence.
account-00922,Fictional Account 00922,owner-23,271411.62,265147.02,336495.67,336495.67,-6264.60,no_decline_signal,,No action from this decline rule; other questions require separate evidence.
account-00923,Fictional Account 00923,owner-24,1815904.59,1843025.58,2286210.85,2286210.85,27120.99,no_decline_signal,,No action from this decline rule; other questions require separate evidence.
account-00924,Fictional Account 00924,owner-25,609351.66,627527.42,766078.11,766078.11,18175.76,no_decline_signal,,No action from this decline rule; other questions require separate evidence.
account-00925,Fictional Account 00925,owner-26,71958.94,72564.21,89917.87,89917.87,605.27,no_decline_signal,,No action from this decline rule; other questions require separate evidence.
account-00926,Fictional Account 00926,owner-27,28101.93,27679.86,34711.39,34711.39,-422.07,no_decline_signal,,No action from this decline rule; other questions require separate evidence.
account-00927,Fictional Account 00927,owner-28,53895.86,54505.90,68435.50,68435.50,610.04,no_decline_signal,,No action from this decline rule; other questions require separate evidence.
account-00928,Fictional Account 00928,owner-29,82203.95,80787.12,101367.70,101367.70,-1416.83,no_decline_signal,,No action from this decline rule; other questions require separate evidence.
account-00929,Fictional Account 00929,owner-30,455061.46,457770.01,568339.66,568339.66,2708.55,no_decline_signal,,No action from this decline rule; other questions require separate evidence.
account-00930,Fictional Account 00930,owner-31,432623.79,436512.51,536693.22,536693.22,3888.72,no_decline_signal,,No action from this decline rule; other questions require separate evidence.
account-00931,Fictional Account 00931,owner-32,704491.80,718666.87,887844.37,887844.37,14175.07,no_decline_signal,,No action from this decline rule; other questions require separate evidence.
account-00932,Fictional Account 00932,owner-33,55092.24,56749.20,69737.01,69737.01,1656.96,no_decline_signal,,No action from this decline rule; other questions require separate evidence.
account-00933,Fictional Account 00933,owner-34,52560.34,52996.07,64947.96,64947.96,435.73,no_decline_signal,,No action from this decline rule; other questions require separate evidence.
account-00934,Fictional Account 00934,owner-35,87016.80,86481.75,107376.64,107376.64,-535.05,no_decline_signal,,No action from this decline rule; other questions require separate evidence.
account-00935,Fictional Account 00935,owner-36,62253.09,60587.13,76200.95,76200.95,-1665.96,no_decline_signal,,No action from this decline rule; other questions require separate evidence.
account-00936,Fictional Account 00936,owner-37,2427.99,2366.30,2983.82,2983.82,-61.69,no_decline_signal,,No action from this decline rule; other questions require separate evidence.
account-00937,Fictional Account 00937,owner-38,28101.70,28949.68,35655.34,35655.34,847.98,no_decline_signal,,No action from this decline rule; other questions require separate evidence.
account-00938,Fictional Account 00938,owner-39,105440.50,106065.86,133459.34,133459.34,625.36,no_decline_signal,,No action from this decline rule; other questions require separate evidence.
account-00939,Fictional Account 00939,owner-40,21815.86,21504.65,27015.52,27015.52,-311.21,no_decline_signal,,No action from this decline rule; other questions require separate evidence.
account-00940,Fictional Account 00940,owner-41,298918.05,294289.87,370508.81,370508.81,-4628.18,no_decline_signal,,No action from this decline rule; other questions require separate evidence.
account-00941,Fictional Account 00941,owner-42,135093.63,135931.12,167693.19,167693.19,837.49,no_decline_signal,,No action from this decline rule; other questions require separate evidence.
account-00942,Fictional Account 00942,owner-43,121178.44,120649.59,151720.17,151720.17,-528.85,no_decline_signal,,No action from this decline rule; other questions require separate evidence.
account-00943,Fictional Account 00943,owner-44,354485.81,356568.53,444485.16,444485.16,2082.72,no_decline_signal,,No action from this decline rule; other questions require separate evidence.
account-00944,Fictional Account 00944,owner-45,130511.68,130711.03,163002.21,163002.21,199.35,no_decline_signal,,No action from this decline rule; other questions require separate evidence.
account-00945,Fictional Account 00945,owner-46,2489.07,2522.24,3111.01,3111.01,33.17,no_decline_signal,,No action from this decline rule; other questions require separate evidence.
account-00946,Fictional Account 00946,owner-47,18464.72,18815.48,23041.06,23041.06,350.76,no_decline_signal,,No action from this decline rule; other questions require separate evidence.
account-00947,Fictional Account 00947,owner-48,14551.70,14447.24,18136.30,18136.30,-104.46,no_decline_signal,,No action from this decline rule; other questions require separate evidence.
account-00948,Fictional Account 00948,owner-49,10732.80,10810.87,13161.82,13161.82,78.07,no_decline_signal,,No action from this decline rule; other questions require separate evidence.
account-00949,Fictional Account 00949,owner-50,70717.67,70710.52,89503.12,89503.12,-7.15,no_decline_signal,,No action from this decline rule; other questions require separate evidence.
account-00950,Fictional Account 00950,owner-1,8386.92,8379.76,10605.35,10605.35,-7.16,no_decline_signal,,No action from this decline rule; other questions require separate evidence.
account-00951,Fictional Account 00951,owner-2,61555.17,60849.37,76152.02,76152.02,-705.80,no_decline_signal,,No action from this decline rule; other questions require separate evidence.
account-00952,Fictional Account 00952,owner-3,12933.67,12890.32,16005.92,16005.92,-43.35,no_decline_signal,,No action from this decline rule; other questions require separate evidence.
account-00953,Fictional Account 00953,owner-4,149997.44,148111.81,185800.72,185800.72,-1885.63,no_decline_signal,,No action from this decline rule; other questions require separate evidence.
account-00954,Fictional Account 00954,owner-5,1373.34,1353.79,1694.35,1694.35,-19.55,no_decline_signal,,No action from this decline rule; other questions require separate evidence.
account-00955,Fictional Account 00955,owner-6,159903.45,162505.47,203282.87,203282.87,2602.02,no_decline_signal,,No action from this decline rule; other questions require separate evidence.
account-00956,Fictional Account 00956,owner-7,84167.93,83831.08,103779.27,103779.27,-336.85,no_decline_signal,,No action from this decline rule; other questions require separate evidence.
account-00957,Fictional Account 00957,owner-8,151774.54,153702.59,191058.35,191058.35,1928.05,no_decline_signal,,No action from this decline rule; other questions require separate evidence.
account-00958,Fictional Account 00958,owner-9,358772.76,360789.67,446787.32,446787.32,2016.91,no_decline_signal,,No action from this decline rule; other questions require separate evidence.
account-00959,Fictional Account 00959,owner-10,17006.30,16552.47,20866.16,20866.16,-453.83,no_decline_signal,,No action from this decline rule; other questions require separate evidence.
account-00960,Fictional Account 00960,owner-11,2351834.13,2396418.04,2955371.72,2955371.72,44583.91,no_decline_signal,,No action from this decline rule; other questions require separate evidence.
account-00961,Fictional Account 00961,owner-12,377494.99,372805.78,466787.44,466787.44,-4689.21,no_decline_signal,,No action from this decline rule; other questions require separate evidence.
account-00962,Fictional Account 00962,owner-13,44324.94,44223.66,55045.27,55045.27,-101.28,no_decline_signal,,No action from this decline rule; other questions require separate evidence.
account-00963,Fictional Account 00963,owner-14,41036.91,41080.81,51231.74,51231.74,43.90,no_decline_signal,,No action from this decline rule; other questions require separate evidence.
account-00964,Fictional Account 00964,owner-15,107244.95,109257.97,135180.15,135180.15,2013.02,no_decline_signal,,No action from this decline rule; other questions require separate evidence.
account-00965,Fictional Account 00965,owner-16,266937.13,268447.99,335531.21,335531.21,1510.86,no_decline_signal,,No action from this decline rule; other questions require separate evidence.
account-00966,Fictional Account 00966,owner-17,1875560.61,1894913.85,2405410.77,2405410.77,19353.24,no_decline_signal,,No action from this decline rule; other questions require separate evidence.
account-00967,Fictional Account 00967,owner-18,137217.26,138238.70,171877.65,171877.65,1021.44,no_decline_signal,,No action from this decline rule; other questions require separate evidence.
account-00968,Fictional Account 00968,owner-19,84315.38,85257.12,105236.39,105236.39,941.74,no_decline_signal,,No action from this decline rule; other questions require separate evidence.
account-00969,Fictional Account 00969,owner-20,189230.91,190480.03,237087.34,237087.34,1249.12,no_decline_signal,,No action from this decline rule; other questions require separate evidence.
account-00970,Fictional Account 00970,owner-21,761945.22,784452.43,972053.11,972053.11,22507.21,no_decline_signal,,No action from this decline rule; other questions require separate evidence.
account-00971,Fictional Account 00971,owner-22,10476.57,10379.78,13088.04,13088.04,-96.79,no_decline_signal,,No action from this decline rule; other questions require separate evidence.
account-00972,Fictional Account 00972,owner-23,127430.07,127000.23,160051.29,160051.29,-429.84,no_decline_signal,,No action from this decline rule; other questions require separate evidence.
account-00973,Fictional Account 00973,owner-24,658192.08,658267.42,824058.62,824058.62,75.34,no_decline_signal,,No action from this decline rule; other questions require separate evidence.
account-00974,Fictional Account 00974,owner-25,25627.30,25614.79,32160.94,32160.94,-12.51,no_decline_signal,,No action from this decline rule; other questions require separate evidence.
account-00975,Fictional Account 00975,owner-26,16756.09,16861.33,21216.09,21216.09,105.24,no_decline_signal,,No action from this decline rule; other questions require separate evidence.
account-00976,Fictional Account 00976,owner-27,340136.60,350555.47,433500.20,433500.20,10418.87,no_decline_signal,,No action from this decline rule; other questions require separate evidence.
account-00977,Fictional Account 00977,owner-28,149721.44,147901.04,186080.51,186080.51,-1820.40,no_decline_signal,,No action from this decline rule; other questions require separate evidence.
account-00978,Fictional Account 00978,owner-29,36957.70,36796.62,46214.35,46214.35,-161.08,no_decline_signal,,No action from this decline rule; other questions require separate evidence.
account-00979,Fictional Account 00979,owner-30,7559.95,7452.03,9435.30,9435.30,-107.92,no_decline_signal,,No action from this decline rule; other questions require separate evidence.
account-00980,Fictional Account 00980,owner-31,114016.85,116253.20,144950.05,144950.05,2236.35,no_decline_signal,,No action from this decline rule; other questions require separate evidence.
account-00981,Fictional Account 00981,owner-32,28540.00,28336.63,35238.07,35238.07,-203.37,no_decline_signal,,No action from this decline rule; other questions require separate evidence.
account-00982,Fictional Account 00982,owner-33,89325.21,90021.61,111808.27,111808.27,696.40,no_decline_signal,,No action from this decline rule; other questions require separate evidence.
account-00983,Fictional Account 00983,owner-34,606945.99,621230.94,773951.50,773951.50,14284.95,no_decline_signal,,No action from this decline rule; other questions require separate evidence.
account-00984,Fictional Account 00984,owner-35,124952.83,125627.76,157903.20,157903.20,674.93,no_decline_signal,,No action from this decline rule; other questions require separate evidence.
account-00985,Fictional Account 00985,owner-36,509661.57,507471.29,636713.14,636713.14,-2190.28,no_decline_signal,,No action from this decline rule; other questions require separate evidence.
account-00986,Fictional Account 00986,owner-37,11674.17,11772.70,14588.14,14588.14,98.53,no_decline_signal,,No action from this decline rule; other questions require separate evidence.
account-00987,Fictional Account 00987,owner-38,56231.68,56479.22,70551.67,70551.67,247.54,no_decline_signal,,No action from this decline rule; other questions require separate evidence.
account-00988,Fictional Account 00988,owner-39,11372.69,11514.81,14342.09,14342.09,142.12,no_decline_signal,,No action from this decline rule; other questions require separate evidence.
account-00989,Fictional Account 00989,owner-40,156845.09,155047.44,193712.47,193712.47,-1797.65,no_decline_signal,,No action from this decline rule; other questions require separate evidence.
account-00990,Fictional Account 00990,owner-41,462428.27,467387.96,575560.44,575560.44,4959.69,no_decline_signal,,No action from this decline rule; other questions require separate evidence.
account-00991,Fictional Account 00991,owner-42,99799.47,100421.31,125949.46,125949.46,621.84,no_decline_signal,,No action from this decline rule; other questions require separate evidence.
account-00992,Fictional Account 00992,owner-43,150060.98,152730.90,189624.19,189624.19,2669.92,no_decline_signal,,No action from this decline rule; other questions require separate evidence.
account-00993,Fictional Account 00993,owner-44,225481.27,224602.00,283895.64,283895.64,-879.27,no_decline_signal,,No action from this decline rule; other questions require separate evidence.
account-00994,Fictional Account 00994,owner-45,92788.36,95947.11,118724.62,118724.62,3158.75,no_decline_signal,,No action from this decline rule; other questions require separate evidence.
account-00995,Fictional Account 00995,owner-46,64517.13,63416.25,80071.04,80071.04,-1100.88,no_decline_signal,,No action from this decline rule; other questions require separate evidence.
account-00996,Fictional Account 00996,owner-47,76292.93,78224.66,95657.24,95657.24,1931.73,no_decline_signal,,No action from this decline rule; other questions require separate evidence.
account-00997,Fictional Account 00997,owner-48,48691.72,48618.18,60703.37,60703.37,-73.54,no_decline_signal,,No action from this decline rule; other questions require separate evidence.
account-00998,Fictional Account 00998,owner-49,6974.53,6942.07,8713.60,8713.60,-32.46,no_decline_signal,,No action from this decline rule; other questions require separate evidence.
account-00999,Fictional Account 00999,owner-50,159424.62,161263.21,201599.16,201599.16,1838.59,no_decline_signal,,No action from this decline rule; other questions require separate evidence.
atlas,Atlas Retail,owner-1,2800000.00,1050000.00,3500000.00,3500000.00,-1750000.00,commercial_investigation,,"Account owner: inspect active campaign constraints, pauses, budget settings, and delivery context; confirm the cause before considering client outreach."
beacon,Beacon Travel,owner-2,2800000.00,0.00,3500000.00,0.00,-2800000.00,planned_change,,Account owner: confirm the agreed campaign flight schedule; no unexpected-decline escalation is supported.
cedar,Cedar Auto,owner-5,111153.88,112327.01,138528.74,138528.74,1173.13,no_decline_signal,,No action from this decline rule; other questions require separate evidence.
dune,Dune Outdoors,owner-6,36498.08,36078.91,45504.97,45504.97,-419.17,no_decline_signal,,No action from this decline rule; other questions require separate evidence.
elm,Elm Home,owner-7,509198.59,508860.36,629715.31,629715.31,-338.23,no_decline_signal,,No action from this decline rule; other questions require separate evidence.
fern,Fern Fashion,owner-8,63137.88,62185.62,77944.72,77944.72,-952.26,no_decline_signal,,No action from this decline rule; other questions require separate evidence.
grove,Grove Tech,owner-9,17790.79,17765.17,22183.70,22183.70,-25.62,no_decline_signal,,No action from this decline rule; other questions require separate evidence.
harbor,Harbor Foods,owner-3,2800000.00,,3500000.00,3500000.00,,data_investigation,2026-08-31,"Data reviewer: locate missing delivery or coverage, validate expected campaign keys, and rerun the comparison before making a commercial assessment."
ivy,Ivy Books,owner-10,180103.39,180668.59,223780.20,223780.20,565.20,no_decline_signal,,No action from this decline rule; other questions require separate evidence.
maple,Maple Goods,owner-4,2800000.00,0.00,3500000.00,3500000.00,-2800000.00,commercial_investigation,,"Account owner: inspect active campaign constraints, pauses, budget settings, and delivery context; confirm the cause before considering client outreach."
